--
-- PostgreSQL database dump
--

-- Dumped from database version 17.5 (Debian 17.5-1)
-- Dumped by pg_dump version 17.5 (Debian 17.5-1)

SET statement_timeout = 0;
SET lock_timeout = 0;
SET idle_in_transaction_session_timeout = 0;
SET transaction_timeout = 0;
SET client_encoding = 'UTF8';
SET standard_conforming_strings = on;
SELECT pg_catalog.set_config('search_path', '', false);
SET check_function_bodies = false;
SET xmloption = content;
SET client_min_messages = warning;
SET row_security = off;

SET default_tablespace = '';

SET default_table_access_method = heap;

--
-- Name: auth_group; Type: TABLE; Schema: public; Owner: user_lab
--

CREATE TABLE public.auth_group (
    id integer NOT NULL,
    name character varying(150) NOT NULL
);


ALTER TABLE public.auth_group OWNER TO user_lab;

--
-- Name: auth_group_id_seq; Type: SEQUENCE; Schema: public; Owner: user_lab
--

ALTER TABLE public.auth_group ALTER COLUMN id ADD GENERATED BY DEFAULT AS IDENTITY (
    SEQUENCE NAME public.auth_group_id_seq
    START WITH 1
    INCREMENT BY 1
    NO MINVALUE
    NO MAXVALUE
    CACHE 1
);


--
-- Name: auth_group_permissions; Type: TABLE; Schema: public; Owner: user_lab
--

CREATE TABLE public.auth_group_permissions (
    id bigint NOT NULL,
    group_id integer NOT NULL,
    permission_id integer NOT NULL
);


ALTER TABLE public.auth_group_permissions OWNER TO user_lab;

--
-- Name: auth_group_permissions_id_seq; Type: SEQUENCE; Schema: public; Owner: user_lab
--

ALTER TABLE public.auth_group_permissions ALTER COLUMN id ADD GENERATED BY DEFAULT AS IDENTITY (
    SEQUENCE NAME public.auth_group_permissions_id_seq
    START WITH 1
    INCREMENT BY 1
    NO MINVALUE
    NO MAXVALUE
    CACHE 1
);


--
-- Name: auth_permission; Type: TABLE; Schema: public; Owner: user_lab
--

CREATE TABLE public.auth_permission (
    id integer NOT NULL,
    name character varying(255) NOT NULL,
    content_type_id integer NOT NULL,
    codename character varying(100) NOT NULL
);


ALTER TABLE public.auth_permission OWNER TO user_lab;

--
-- Name: auth_permission_id_seq; Type: SEQUENCE; Schema: public; Owner: user_lab
--

ALTER TABLE public.auth_permission ALTER COLUMN id ADD GENERATED BY DEFAULT AS IDENTITY (
    SEQUENCE NAME public.auth_permission_id_seq
    START WITH 1
    INCREMENT BY 1
    NO MINVALUE
    NO MAXVALUE
    CACHE 1
);


--
-- Name: auth_user; Type: TABLE; Schema: public; Owner: user_lab
--

CREATE TABLE public.auth_user (
    id integer NOT NULL,
    password character varying(128) NOT NULL,
    last_login timestamp with time zone,
    is_superuser boolean NOT NULL,
    username character varying(150) NOT NULL,
    first_name character varying(150) NOT NULL,
    last_name character varying(150) NOT NULL,
    email character varying(254) NOT NULL,
    is_staff boolean NOT NULL,
    is_active boolean NOT NULL,
    date_joined timestamp with time zone NOT NULL
);


ALTER TABLE public.auth_user OWNER TO user_lab;

--
-- Name: auth_user_groups; Type: TABLE; Schema: public; Owner: user_lab
--

CREATE TABLE public.auth_user_groups (
    id bigint NOT NULL,
    user_id integer NOT NULL,
    group_id integer NOT NULL
);


ALTER TABLE public.auth_user_groups OWNER TO user_lab;

--
-- Name: auth_user_groups_id_seq; Type: SEQUENCE; Schema: public; Owner: user_lab
--

ALTER TABLE public.auth_user_groups ALTER COLUMN id ADD GENERATED BY DEFAULT AS IDENTITY (
    SEQUENCE NAME public.auth_user_groups_id_seq
    START WITH 1
    INCREMENT BY 1
    NO MINVALUE
    NO MAXVALUE
    CACHE 1
);


--
-- Name: auth_user_id_seq; Type: SEQUENCE; Schema: public; Owner: user_lab
--

ALTER TABLE public.auth_user ALTER COLUMN id ADD GENERATED BY DEFAULT AS IDENTITY (
    SEQUENCE NAME public.auth_user_id_seq
    START WITH 1
    INCREMENT BY 1
    NO MINVALUE
    NO MAXVALUE
    CACHE 1
);


--
-- Name: auth_user_user_permissions; Type: TABLE; Schema: public; Owner: user_lab
--

CREATE TABLE public.auth_user_user_permissions (
    id bigint NOT NULL,
    user_id integer NOT NULL,
    permission_id integer NOT NULL
);


ALTER TABLE public.auth_user_user_permissions OWNER TO user_lab;

--
-- Name: auth_user_user_permissions_id_seq; Type: SEQUENCE; Schema: public; Owner: user_lab
--

ALTER TABLE public.auth_user_user_permissions ALTER COLUMN id ADD GENERATED BY DEFAULT AS IDENTITY (
    SEQUENCE NAME public.auth_user_user_permissions_id_seq
    START WITH 1
    INCREMENT BY 1
    NO MINVALUE
    NO MAXVALUE
    CACHE 1
);


--
-- Name: django_admin_log; Type: TABLE; Schema: public; Owner: user_lab
--

CREATE TABLE public.django_admin_log (
    id integer NOT NULL,
    action_time timestamp with time zone NOT NULL,
    object_id text,
    object_repr character varying(200) NOT NULL,
    action_flag smallint NOT NULL,
    change_message text NOT NULL,
    content_type_id integer,
    user_id integer NOT NULL,
    CONSTRAINT django_admin_log_action_flag_check CHECK ((action_flag >= 0))
);


ALTER TABLE public.django_admin_log OWNER TO user_lab;

--
-- Name: django_admin_log_id_seq; Type: SEQUENCE; Schema: public; Owner: user_lab
--

ALTER TABLE public.django_admin_log ALTER COLUMN id ADD GENERATED BY DEFAULT AS IDENTITY (
    SEQUENCE NAME public.django_admin_log_id_seq
    START WITH 1
    INCREMENT BY 1
    NO MINVALUE
    NO MAXVALUE
    CACHE 1
);


--
-- Name: django_content_type; Type: TABLE; Schema: public; Owner: user_lab
--

CREATE TABLE public.django_content_type (
    id integer NOT NULL,
    app_label character varying(100) NOT NULL,
    model character varying(100) NOT NULL
);


ALTER TABLE public.django_content_type OWNER TO user_lab;

--
-- Name: django_content_type_id_seq; Type: SEQUENCE; Schema: public; Owner: user_lab
--

ALTER TABLE public.django_content_type ALTER COLUMN id ADD GENERATED BY DEFAULT AS IDENTITY (
    SEQUENCE NAME public.django_content_type_id_seq
    START WITH 1
    INCREMENT BY 1
    NO MINVALUE
    NO MAXVALUE
    CACHE 1
);


--
-- Name: django_migrations; Type: TABLE; Schema: public; Owner: user_lab
--

CREATE TABLE public.django_migrations (
    id bigint NOT NULL,
    app character varying(255) NOT NULL,
    name character varying(255) NOT NULL,
    applied timestamp with time zone NOT NULL
);


ALTER TABLE public.django_migrations OWNER TO user_lab;

--
-- Name: django_migrations_id_seq; Type: SEQUENCE; Schema: public; Owner: user_lab
--

ALTER TABLE public.django_migrations ALTER COLUMN id ADD GENERATED BY DEFAULT AS IDENTITY (
    SEQUENCE NAME public.django_migrations_id_seq
    START WITH 1
    INCREMENT BY 1
    NO MINVALUE
    NO MAXVALUE
    CACHE 1
);


--
-- Name: django_session; Type: TABLE; Schema: public; Owner: user_lab
--

CREATE TABLE public.django_session (
    session_key character varying(40) NOT NULL,
    session_data text NOT NULL,
    expire_date timestamp with time zone NOT NULL
);


ALTER TABLE public.django_session OWNER TO user_lab;

--
-- Name: laboratorium_jadwallab; Type: TABLE; Schema: public; Owner: user_lab
--

CREATE TABLE public.laboratorium_jadwallab (
    id bigint NOT NULL,
    gambar_jadwal character varying(100) NOT NULL,
    keterangan character varying(255),
    laboratorium_id bigint NOT NULL
);


ALTER TABLE public.laboratorium_jadwallab OWNER TO user_lab;

--
-- Name: laboratorium_jadwallab_id_seq; Type: SEQUENCE; Schema: public; Owner: user_lab
--

ALTER TABLE public.laboratorium_jadwallab ALTER COLUMN id ADD GENERATED BY DEFAULT AS IDENTITY (
    SEQUENCE NAME public.laboratorium_jadwallab_id_seq
    START WITH 1
    INCREMENT BY 1
    NO MINVALUE
    NO MAXVALUE
    CACHE 1
);


--
-- Name: laboratorium_kategorialat; Type: TABLE; Schema: public; Owner: user_lab
--

CREATE TABLE public.laboratorium_kategorialat (
    id bigint NOT NULL,
    nama character varying(100) NOT NULL,
    kategori_utama_id bigint NOT NULL
);


ALTER TABLE public.laboratorium_kategorialat OWNER TO user_lab;

--
-- Name: laboratorium_kategorialat_id_seq; Type: SEQUENCE; Schema: public; Owner: user_lab
--

ALTER TABLE public.laboratorium_kategorialat ALTER COLUMN id ADD GENERATED BY DEFAULT AS IDENTITY (
    SEQUENCE NAME public.laboratorium_kategorialat_id_seq
    START WITH 1
    INCREMENT BY 1
    NO MINVALUE
    NO MAXVALUE
    CACHE 1
);


--
-- Name: laboratorium_kategoriutama; Type: TABLE; Schema: public; Owner: user_lab
--

CREATE TABLE public.laboratorium_kategoriutama (
    id bigint NOT NULL,
    nama character varying(100) NOT NULL
);


ALTER TABLE public.laboratorium_kategoriutama OWNER TO user_lab;

--
-- Name: laboratorium_kategoriutama_id_seq; Type: SEQUENCE; Schema: public; Owner: user_lab
--

ALTER TABLE public.laboratorium_kategoriutama ALTER COLUMN id ADD GENERATED BY DEFAULT AS IDENTITY (
    SEQUENCE NAME public.laboratorium_kategoriutama_id_seq
    START WITH 1
    INCREMENT BY 1
    NO MINVALUE
    NO MAXVALUE
    CACHE 1
);


--
-- Name: laboratorium_laboratorium; Type: TABLE; Schema: public; Owner: user_lab
--

CREATE TABLE public.laboratorium_laboratorium (
    id bigint NOT NULL,
    kode_ruang character varying(20) NOT NULL,
    nama character varying(100) NOT NULL,
    gambar character varying(100),
    deskripsi text,
    plp_id bigint
);


ALTER TABLE public.laboratorium_laboratorium OWNER TO user_lab;

--
-- Name: laboratorium_laboratorium_id_seq; Type: SEQUENCE; Schema: public; Owner: user_lab
--

ALTER TABLE public.laboratorium_laboratorium ALTER COLUMN id ADD GENERATED BY DEFAULT AS IDENTITY (
    SEQUENCE NAME public.laboratorium_laboratorium_id_seq
    START WITH 1
    INCREMENT BY 1
    NO MINVALUE
    NO MAXVALUE
    CACHE 1
);


--
-- Name: laboratorium_peminjaman; Type: TABLE; Schema: public; Owner: user_lab
--

CREATE TABLE public.laboratorium_peminjaman (
    id bigint NOT NULL,
    is_alat_baru boolean NOT NULL,
    nama_alat_baru character varying(150),
    tipe_alat_baru character varying(100),
    sn_alat_baru character varying(100),
    nama_lengkap character varying(150) NOT NULL,
    status_peminjam character varying(20) NOT NULL,
    nrp_nip character varying(30) NOT NULL,
    nomor_telepon character varying(20) NOT NULL,
    dosen_perkuliahan character varying(150) NOT NULL,
    nama_plp character varying(150) NOT NULL,
    catatan_kondisi text NOT NULL,
    status_peminjaman character varying(30) NOT NULL,
    tanggal_kembali date,
    kondisi_saat_kembali character varying(20),
    tanggal_pinjam timestamp with time zone NOT NULL,
    laboratorium_id bigint,
    peminjam_id integer,
    unit_alat_id bigint
);


ALTER TABLE public.laboratorium_peminjaman OWNER TO user_lab;

--
-- Name: laboratorium_peminjaman_id_seq; Type: SEQUENCE; Schema: public; Owner: user_lab
--

ALTER TABLE public.laboratorium_peminjaman ALTER COLUMN id ADD GENERATED BY DEFAULT AS IDENTITY (
    SEQUENCE NAME public.laboratorium_peminjaman_id_seq
    START WITH 1
    INCREMENT BY 1
    NO MINVALUE
    NO MAXVALUE
    CACHE 1
);


--
-- Name: laboratorium_pengembalian; Type: TABLE; Schema: public; Owner: user_lab
--

CREATE TABLE public.laboratorium_pengembalian (
    id bigint NOT NULL,
    nama_pengembali character varying(150) NOT NULL,
    bukti_peminjaman character varying(100),
    tanggal_pengembalian date NOT NULL,
    kondisi_barang character varying(20) NOT NULL,
    status character varying(30) NOT NULL,
    nama_plp character varying(150) NOT NULL,
    peminjaman_id bigint NOT NULL
);


ALTER TABLE public.laboratorium_pengembalian OWNER TO user_lab;

--
-- Name: laboratorium_pengembalian_id_seq; Type: SEQUENCE; Schema: public; Owner: user_lab
--

ALTER TABLE public.laboratorium_pengembalian ALTER COLUMN id ADD GENERATED BY DEFAULT AS IDENTITY (
    SEQUENCE NAME public.laboratorium_pengembalian_id_seq
    START WITH 1
    INCREMENT BY 1
    NO MINVALUE
    NO MAXVALUE
    CACHE 1
);


--
-- Name: laboratorium_plp; Type: TABLE; Schema: public; Owner: user_lab
--

CREATE TABLE public.laboratorium_plp (
    id bigint NOT NULL,
    nama_lengkap character varying(150) NOT NULL,
    nip character varying(50) NOT NULL,
    foto character varying(100) NOT NULL
);


ALTER TABLE public.laboratorium_plp OWNER TO user_lab;

--
-- Name: laboratorium_plp_id_seq; Type: SEQUENCE; Schema: public; Owner: user_lab
--

ALTER TABLE public.laboratorium_plp ALTER COLUMN id ADD GENERATED BY DEFAULT AS IDENTITY (
    SEQUENCE NAME public.laboratorium_plp_id_seq
    START WITH 1
    INCREMENT BY 1
    NO MINVALUE
    NO MAXVALUE
    CACHE 1
);


--
-- Name: laboratorium_unitalat; Type: TABLE; Schema: public; Owner: user_lab
--

CREATE TABLE public.laboratorium_unitalat (
    id bigint NOT NULL,
    tipe_atau_merk character varying(100) NOT NULL,
    serial_number character varying(100) NOT NULL,
    tahun_perolehan integer NOT NULL,
    kondisi character varying(100) NOT NULL,
    foto character varying(100),
    status character varying(100) NOT NULL,
    kategori_id bigint NOT NULL,
    CONSTRAINT laboratorium_unitalat_tahun_perolehan_check CHECK ((tahun_perolehan >= 0))
);


ALTER TABLE public.laboratorium_unitalat OWNER TO user_lab;

--
-- Name: laboratorium_unitalat_id_seq; Type: SEQUENCE; Schema: public; Owner: user_lab
--

ALTER TABLE public.laboratorium_unitalat ALTER COLUMN id ADD GENERATED BY DEFAULT AS IDENTITY (
    SEQUENCE NAME public.laboratorium_unitalat_id_seq
    START WITH 1
    INCREMENT BY 1
    NO MINVALUE
    NO MAXVALUE
    CACHE 1
);


--
-- Data for Name: auth_group; Type: TABLE DATA; Schema: public; Owner: user_lab
--

COPY public.auth_group (id, name) FROM stdin;
\.


--
-- Data for Name: auth_group_permissions; Type: TABLE DATA; Schema: public; Owner: user_lab
--

COPY public.auth_group_permissions (id, group_id, permission_id) FROM stdin;
\.


--
-- Data for Name: auth_permission; Type: TABLE DATA; Schema: public; Owner: user_lab
--

COPY public.auth_permission (id, name, content_type_id, codename) FROM stdin;
1	Can add log entry	1	add_logentry
2	Can change log entry	1	change_logentry
3	Can delete log entry	1	delete_logentry
4	Can view log entry	1	view_logentry
5	Can add permission	2	add_permission
6	Can change permission	2	change_permission
7	Can delete permission	2	delete_permission
8	Can view permission	2	view_permission
9	Can add group	3	add_group
10	Can change group	3	change_group
11	Can delete group	3	delete_group
12	Can view group	3	view_group
13	Can add user	4	add_user
14	Can change user	4	change_user
15	Can delete user	4	delete_user
16	Can view user	4	view_user
17	Can add content type	5	add_contenttype
18	Can change content type	5	change_contenttype
19	Can delete content type	5	delete_contenttype
20	Can view content type	5	view_contenttype
21	Can add session	6	add_session
22	Can change session	6	change_session
23	Can delete session	6	delete_session
24	Can view session	6	view_session
25	Can add kategori utama	7	add_kategoriutama
26	Can change kategori utama	7	change_kategoriutama
27	Can delete kategori utama	7	delete_kategoriutama
28	Can view kategori utama	7	view_kategoriutama
29	Can add laboratorium	8	add_laboratorium
30	Can change laboratorium	8	change_laboratorium
31	Can delete laboratorium	8	delete_laboratorium
32	Can view laboratorium	8	view_laboratorium
33	Can add plp	9	add_plp
34	Can change plp	9	change_plp
35	Can delete plp	9	delete_plp
36	Can view plp	9	view_plp
37	Can add kategori alat	10	add_kategorialat
38	Can change kategori alat	10	change_kategorialat
39	Can delete kategori alat	10	delete_kategorialat
40	Can view kategori alat	10	view_kategorialat
41	Can add jadwal lab	11	add_jadwallab
42	Can change jadwal lab	11	change_jadwallab
43	Can delete jadwal lab	11	delete_jadwallab
44	Can view jadwal lab	11	view_jadwallab
45	Can add peminjaman	12	add_peminjaman
46	Can change peminjaman	12	change_peminjaman
47	Can delete peminjaman	12	delete_peminjaman
48	Can view peminjaman	12	view_peminjaman
49	Can add pengembalian	13	add_pengembalian
50	Can change pengembalian	13	change_pengembalian
51	Can delete pengembalian	13	delete_pengembalian
52	Can view pengembalian	13	view_pengembalian
53	Can add unit alat	14	add_unitalat
54	Can change unit alat	14	change_unitalat
55	Can delete unit alat	14	delete_unitalat
56	Can view unit alat	14	view_unitalat
\.


--
-- Data for Name: auth_user; Type: TABLE DATA; Schema: public; Owner: user_lab
--

COPY public.auth_user (id, password, last_login, is_superuser, username, first_name, last_name, email, is_staff, is_active, date_joined) FROM stdin;
2	pbkdf2_sha256$1000000$BEX25hRCn5DV84dW9RbmCK$VP0e4Vv88ltUmWX9TFsif2qLbXEElOgLSpUFHU6M7xI=	\N	t	TikaTRIPENS			tikatripens@gmail.com	t	t	2025-07-03 20:01:46.16748+00
1	pbkdf2_sha256$1000000$kpeR1DHWhvk0t5pkkkpXse$D2d9cmzuev/yoNYEBojp8FttCZ4rkj8AB+nA/PPy59c=	2025-07-03 20:02:47.42166+00	t	AnangTRIPENS			anangtripens@gmail.com	t	t	2025-07-03 20:00:24.79495+00
3	pbkdf2_sha256$1000000$gcZUSuYKeOU2RBHI2AqqPL$tSVvDqyigxBklELEWIdPhZXtikWCZtluP8nuSFD0Q4M=	\N	f	tri21			tri21@example.com	f	t	2025-07-03 20:09:31.266138+00
6	pbkdf2_sha256$1000000$fmkhYkXvrS9r2kLbOJwCxc$ZYdkMpvQcAOli6ztjHPiSA7ak2jbOGk5Frr+PPxE1o0=	\N	f	tri24			tri24@example.com	f	t	2025-07-03 20:10:07.586042+00
5	pbkdf2_sha256$1000000$1vyNJX3KxjXTldLcVkGb5Z$uf9YcTOXWf0OYP5FqRbst9wmst4pKVJLtdNaMl2SNqM=	2025-07-04 09:38:53.733309+00	f	tri23			tri23@example.com	f	t	2025-07-03 20:09:58.652499+00
4	pbkdf2_sha256$1000000$oXnRnVWHUKCtJyevGvTMJ9$1m5rPF2DC4eV8hPXvsJLnoRA7u/gGF7XFAY6YqWIBiY=	2025-07-08 09:08:19.971503+00	f	tri22			tri22@example.com	f	t	2025-07-03 20:09:49.056098+00
\.


--
-- Data for Name: auth_user_groups; Type: TABLE DATA; Schema: public; Owner: user_lab
--

COPY public.auth_user_groups (id, user_id, group_id) FROM stdin;
\.


--
-- Data for Name: auth_user_user_permissions; Type: TABLE DATA; Schema: public; Owner: user_lab
--

COPY public.auth_user_user_permissions (id, user_id, permission_id) FROM stdin;
\.


--
-- Data for Name: django_admin_log; Type: TABLE DATA; Schema: public; Owner: user_lab
--

COPY public.django_admin_log (id, action_time, object_id, object_repr, action_flag, change_message, content_type_id, user_id) FROM stdin;
1	2025-07-03 20:11:37.190402+00	1	Laboratorium Mobile Communication and IoT	1	[{"added": {}}]	8	1
2	2025-07-03 20:12:00.834879+00	1	Anang	1	[{"added": {}}]	9	1
3	2025-07-03 20:12:11.244391+00	2	Tika	1	[{"added": {}}]	9	1
4	2025-07-03 20:12:56.815288+00	1	Laboratorium Mobile Communication and IoT	2	[{"changed": {"fields": ["Deskripsi", "PLP Penanggung Jawab"]}}, {"added": {"name": "jadwal lab", "object": "Jadwal untuk Laboratorium Mobile Communication and IoT - None"}}]	8	1
5	2025-07-03 20:13:35.655243+00	2	Laboratorium Network Security	1	[{"added": {}}]	8	1
6	2025-07-03 20:14:08.449295+00	3	Laboratorium Web Development and Apps	1	[{"added": {}}]	8	1
7	2025-07-03 20:14:35.885902+00	4	Laboratorium Cloud Computing	1	[{"added": {}}]	8	1
8	2025-07-03 20:15:05.221689+00	1	Bahan Umum	1	[{"added": {}}]	7	1
9	2025-07-03 20:15:10.260634+00	2	Kategori 1	1	[{"added": {}}]	7	1
10	2025-07-03 20:15:16.021265+00	3	Kategori 2	1	[{"added": {}}]	7	1
11	2025-07-03 20:15:20.459453+00	4	Kategori 3	1	[{"added": {}}]	7	1
12	2025-07-03 20:15:37.363132+00	1	Konektor Rj45 (di bawah Bahan Umum)	1	[{"added": {}}]	10	1
13	2025-07-03 20:15:48.900532+00	2	Obeng (di bawah Kategori 1)	1	[{"added": {}}]	10	1
14	2025-07-03 20:15:58.287565+00	3	Raspberry Pi (di bawah Kategori 2)	1	[{"added": {}}]	10	1
15	2025-07-03 20:16:08.968833+00	4	Router (di bawah Kategori 3)	1	[{"added": {}}]	10	1
16	2025-07-03 20:18:30.94982+00	1	rj45 (SN: 101)	1	[{"added": {}}]	14	1
17	2025-07-03 20:18:52.896595+00	2	Tekiro (SN: 9876)	1	[{"added": {}}]	14	1
18	2025-07-03 20:19:20.842595+00	3	Raspi 5 (SN: 131)	1	[{"added": {}}]	14	1
19	2025-07-03 20:19:37.184895+00	4	Raspi 4 (SN: 132)	1	[{"added": {}}]	14	1
20	2025-07-03 20:19:55.175383+00	5	RouterBoard (SN: 141)	1	[{"added": {}}]	14	1
21	2025-07-03 20:20:11.059546+00	6	Cisco Router (SN: 142)	1	[{"added": {}}]	14	1
22	2025-07-03 20:35:43.782988+00	7	Tekiro 2 (SN: 111)	1	[{"added": {}}]	14	1
23	2025-07-03 20:36:08.678506+00	8	Tekiro 3 (SN: 2222)	1	[{"added": {}}]	14	1
24	2025-07-03 20:36:26.234567+00	9	Tekiro 4 (SN: 33333)	1	[{"added": {}}]	14	1
25	2025-07-03 20:39:41.085777+00	10	Raspi 8 (SN: 986)	1	[{"added": {}}]	14	1
26	2025-07-03 20:40:00.070667+00	11	Raspi 2 (SN: 367)	1	[{"added": {}}]	14	1
27	2025-07-03 20:40:41.797767+00	12	RouterBoard 1 (SN: 144)	1	[{"added": {}}]	14	1
28	2025-07-03 20:41:04.597385+00	13	Cisco Router 2 (SN: 123)	1	[{"added": {}}]	14	1
29	2025-07-03 20:41:30.397134+00	14	rj45 1 (SN: 444)	1	[{"added": {}}]	14	1
30	2025-07-03 20:41:54.189973+00	15	rj45 2 (SN: 378)	1	[{"added": {}}]	14	1
31	2025-07-03 20:42:13.577741+00	16	rj45 3 (SN: 151)	1	[{"added": {}}]	14	1
32	2025-07-03 20:42:35.223307+00	12	RouterBoard 1 (SN: 144)	2	[{"changed": {"fields": ["Foto Alat"]}}]	14	1
33	2025-07-03 20:53:24.445133+00	1	Raspi 4 (SN: 132) oleh www	2	[{"changed": {"fields": ["Status peminjaman"]}}]	12	1
34	2025-07-03 20:55:47.390005+00	2	Pengembalian untuk Raspi 4 (SN: 132) oleh www	2	[{"changed": {"fields": ["Status"]}}]	13	1
35	2025-07-03 21:19:48.036953+00	1	Pengembalian untuk Alat Baru: wwww oleh www	2	[{"changed": {"fields": ["Status"]}}]	13	1
36	2025-07-03 21:19:53.484403+00	2	Pengembalian untuk Raspi 4 (SN: 132) oleh www	3		13	1
37	2025-07-03 21:19:53.484436+00	1	Pengembalian untuk Alat Baru: wwww oleh www	3		13	1
38	2025-07-03 21:19:59.394912+00	3	rj45 1 (SN: 444) oleh www	3		12	1
39	2025-07-03 21:19:59.394953+00	2	Alat Baru: wwww oleh www	3		12	1
40	2025-07-03 21:19:59.394971+00	1	Raspi 4 (SN: 132) oleh www	3		12	1
41	2025-07-03 21:21:57.831858+00	4	rj45 2 (SN: 378) oleh wwwwwww	2	[{"changed": {"fields": ["Status peminjaman"]}}]	12	1
42	2025-07-03 21:23:34.872746+00	4	Pengembalian untuk rj45 2 (SN: 378) oleh wwwwwww	2	[{"changed": {"fields": ["Status"]}}]	13	1
43	2025-07-03 21:27:24.937195+00	6	Tekiro 3 (SN: 2222) oleh wwwwww	2	[{"changed": {"fields": ["Status peminjaman"]}}]	12	1
44	2025-07-03 21:35:37.0461+00	5	Pengembalian untuk Tekiro 3 (SN: 2222) oleh wwwwww	3		13	1
45	2025-07-03 21:35:37.04614+00	4	Pengembalian untuk rj45 2 (SN: 378) oleh wwwwwww	3		13	1
46	2025-07-03 21:35:37.046159+00	3	Pengembalian untuk Alat Baru: www oleh wwwwwww	3		13	1
47	2025-07-03 21:50:44.206782+00	10	Pengembalian untuk Tekiro 3 (SN: 2222) oleh wwwwww	2	[{"changed": {"fields": ["Status"]}}]	13	1
48	2025-07-04 01:45:31.966029+00	5	esp32 (di bawah Kategori 2)	1	[{"added": {}}]	10	1
49	2025-07-04 01:48:07.614864+00	6	Multimeter Analog (di bawah Kategori 2)	1	[{"added": {}}]	10	1
50	2025-07-04 01:48:52.15447+00	17	sanwa (SN: 1111)	1	[{"added": {}}]	14	1
51	2025-07-04 01:56:19.617704+00	2	Saktya Hutami Pinastika	2	[{"changed": {"fields": ["Nama lengkap", "Foto"]}}]	9	1
52	2025-07-04 01:56:50.857962+00	2	Saktya Hutami Pinastika S.T.	2	[{"changed": {"fields": ["Nama lengkap"]}}]	9	1
53	2025-07-04 01:57:21.327195+00	2	Saktya Hutami Pinastika S.T.	2	[{"changed": {"fields": ["NIP"]}}]	9	1
54	2025-07-04 01:58:06.947162+00	1	Anang Siswanto, A.Md.	2	[{"changed": {"fields": ["Nama lengkap", "NIP"]}}]	9	1
55	2025-07-04 09:34:39.383254+00	14	RouterBoard 1 (SN: 144) oleh ppoo	2	[{"changed": {"fields": ["Status peminjaman"]}}]	12	1
56	2025-07-04 09:38:23.633377+00	15	Cisco Router 2 (SN: 123) oleh wwwww	2	[{"changed": {"fields": ["Status peminjaman"]}}]	12	1
57	2025-07-04 09:41:42.093814+00	15	Pengembalian untuk Alat Baru: qwww oleh erdddd	2	[{"changed": {"fields": ["Status"]}}]	13	1
58	2025-07-08 09:12:34.99465+00	19	Raspi 2 (SN: 367) oleh pan	2	[{"changed": {"fields": ["Status peminjaman"]}}]	12	1
\.


--
-- Data for Name: django_content_type; Type: TABLE DATA; Schema: public; Owner: user_lab
--

COPY public.django_content_type (id, app_label, model) FROM stdin;
1	admin	logentry
2	auth	permission
3	auth	group
4	auth	user
5	contenttypes	contenttype
6	sessions	session
7	laboratorium	kategoriutama
8	laboratorium	laboratorium
9	laboratorium	plp
10	laboratorium	kategorialat
11	laboratorium	jadwallab
12	laboratorium	peminjaman
13	laboratorium	pengembalian
14	laboratorium	unitalat
\.


--
-- Data for Name: django_migrations; Type: TABLE DATA; Schema: public; Owner: user_lab
--

COPY public.django_migrations (id, app, name, applied) FROM stdin;
1	contenttypes	0001_initial	2025-07-03 19:57:08.101855+00
2	auth	0001_initial	2025-07-03 19:57:08.126934+00
3	admin	0001_initial	2025-07-03 19:57:08.135577+00
4	admin	0002_logentry_remove_auto_add	2025-07-03 19:57:08.140321+00
5	admin	0003_logentry_add_action_flag_choices	2025-07-03 19:57:08.145118+00
6	contenttypes	0002_remove_content_type_name	2025-07-03 19:57:08.1545+00
7	auth	0002_alter_permission_name_max_length	2025-07-03 19:57:08.162396+00
8	auth	0003_alter_user_email_max_length	2025-07-03 19:57:08.167277+00
9	auth	0004_alter_user_username_opts	2025-07-03 19:57:08.172459+00
10	auth	0005_alter_user_last_login_null	2025-07-03 19:57:08.178344+00
11	auth	0006_require_contenttypes_0002	2025-07-03 19:57:08.179478+00
12	auth	0007_alter_validators_add_error_messages	2025-07-03 19:57:08.184273+00
13	auth	0008_alter_user_username_max_length	2025-07-03 19:57:08.190107+00
14	auth	0009_alter_user_last_name_max_length	2025-07-03 19:57:08.195993+00
15	auth	0010_alter_group_name_max_length	2025-07-03 19:57:08.201283+00
16	auth	0011_update_proxy_permissions	2025-07-03 19:57:08.205896+00
17	auth	0012_alter_user_first_name_max_length	2025-07-03 19:57:08.21075+00
18	laboratorium	0001_initial	2025-07-03 19:57:08.265156+00
19	sessions	0001_initial	2025-07-03 19:57:08.268821+00
20	laboratorium	0002_alter_pengembalian_peminjaman	2025-07-03 21:47:40.255899+00
\.


--
-- Data for Name: django_session; Type: TABLE DATA; Schema: public; Owner: user_lab
--

COPY public.django_session (session_key, session_data, expire_date) FROM stdin;
m5jtml7ugxm3xttvgc255ydnqgbxs9yf	.eJxVjEEOwiAQRe_C2pBhAIsu3XsGMsxQqRpISrsy3l2bdKHb_977LxVpXUpce57jJOqsjDr8bon4kesG5E711jS3usxT0puid9r1tUl-Xnb376BQL98aEdB5CwMyngyhDaMFbwCPIOMQDHEgQUwAwN4ktATOBYLgs2dAVu8PlnY2Pg:1uXQ8t:4ptsf4b0ECv1l-qusTKUw96o3gvio8OnkDXtkhfg-Qo	2025-07-17 20:02:47.422936+00
4cdp47si9dmyjeqrv0qosioqh0qct4t4	.eJxVjDsOwjAQBe_iGlkm_miXkp4zWOtdGweQI8VJFXF3iJQC2jczb1OR1qXGtec5jqIuyqnT75aIn7ntQB7U7pPmqS3zmPSu6IN2fZskv66H-3dQqddvHdAaQWNxAFsEIJA_Gw-loDhKmIYSjGcwxC4AETIV4BwcSpbgLav3B9GzOCE:1uXVSX:Xfty89mexSxxBQnYlUJKR9s1AxR_4lXmx5aIdZXdX5Y	2025-07-18 01:43:25.246124+00
s7bvcprevko4m7azdgjpm9525kwqblbu	.eJxVjDEOAiEQRe9CbQgzgIilvWcgAwOyaiBZdivj3XWTLbT9773_EoHWpYZ15DlMLM7CisPvFik9ctsA36nduky9LfMU5abInQ557Zyfl939O6g06rcGA644QgZtijFFYVTZglOeokLUUWsPoOypKBfBHp31xAhoWScwGcX7A7DINlw:1uXcsf:a-a6ZMCQzOoswjdQuWkpchW-uodz0bnfth2vxWSKaS4	2025-07-18 09:38:53.735122+00
e1oxv3ykytsc9g55lesbx1apbivnybuj	.eJxVjDsOwjAQBe_iGlkm_miXkp4zWOtdGweQI8VJFXF3iJQC2jczb1OR1qXGtec5jqIuyqnT75aIn7ntQB7U7pPmqS3zmPSu6IN2fZskv66H-3dQqddvHdAaQWNxAFsEIJA_Gw-loDhKmIYSjGcwxC4AETIV4BwcSpbgLav3B9GzOCE:1uZ4JH:WjfxCRu7BzKqXKnADhFc-2rO9V-GxHn3ZuO11O4vrUY	2025-07-22 09:08:19.973568+00
\.


--
-- Data for Name: laboratorium_jadwallab; Type: TABLE DATA; Schema: public; Owner: user_lab
--

COPY public.laboratorium_jadwallab (id, gambar_jadwal, keterangan, laboratorium_id) FROM stdin;
1	jadwal_lab/jadwal_wB2SICS.png	\N	1
\.


--
-- Data for Name: laboratorium_kategorialat; Type: TABLE DATA; Schema: public; Owner: user_lab
--

COPY public.laboratorium_kategorialat (id, nama, kategori_utama_id) FROM stdin;
1	Konektor Rj45	1
2	Obeng	2
3	Raspberry Pi	3
4	Router	4
5	esp32	3
6	Multimeter Analog	3
\.


--
-- Data for Name: laboratorium_kategoriutama; Type: TABLE DATA; Schema: public; Owner: user_lab
--

COPY public.laboratorium_kategoriutama (id, nama) FROM stdin;
1	Bahan Umum
2	Kategori 1
3	Kategori 2
4	Kategori 3
\.


--
-- Data for Name: laboratorium_laboratorium; Type: TABLE DATA; Schema: public; Owner: user_lab
--

COPY public.laboratorium_laboratorium (id, kode_ruang, nama, gambar, deskripsi, plp_id) FROM stdin;
1	SAW-03.07	Laboratorium Mobile Communication and IoT	lab_images/PXL_20250702_155648564_F1288le.jpg	Laboratorium Mobile Communication dan IoT disiapkan untuk menyelengarakan praktikum berbasis Internet of Things (IoT) dan jaringan bergerak. Di laboratorium ini mahasiswa diajarkan mengenai terapan segala hal yang berkaitan dengan aplikasi IoT dan penunjangnya dengan menggunakan perangkat yang berbasis Smart Home, Smart City dan Smart Agriculture\r\n\r\nLaboratorium ini dikonsentrasikan pada materi perkuliahan praktikum:\r\n-Internet of Things (P)\r\n-Komputasi Bergerak (P)\r\n-Embedded System (P)\r\n-Sistim Komunikasi Nirkabel (P)\r\n-Jaringan Nirkabel (P)	1
2	SAW-03.08	Laboratorium Network Security	lab_images/IMG_20250702_154213_433_ewGGIW5.jpg	Laboratorium Network Security disiapkan untuk menyelengarakan praktikum yang berkaitan dengan keamanan jaringan dari tingkat dasar hingga lanjut. Di laboratorium ini mahasiswa diajarkan mengenai terapan segala hal yang berkaitan keamanan jaringan dan penerapan riil di lapangan dan ditunjang dengan perangkat yang berbasis Cisco, Huawei, dan Mikrotik.\r\n\r\nLaboratorium ini dikonsentrasikan pada materi perkuliahan praktikum:\r\n-Sistim Enterprise (P)\r\n-Keamanan Jaringan Bergerak (W)\r\n-Keamanan Jaringan&Kriptografi (P)\r\n-Komunikasi Data (P)\r\n-Pemrograman Jaringan (P)	1
3	SAW-04.06	Laboratorium Web Development and Apps	lab_images/web-development_6P5H0Gt.jpg	Laboratorium Web Development and Apps disiapkan untuk menyelengarakan praktikum berbasis pemrograman web dan aplikasinya dari tingkat dasar sampai tingkat lanjut. Di laboratorium ini mahasiswa diajarkan mengenai terapan ilmu teori mengenai dasar-dasar pemrograman sampai penerapan dalam teknologi web.\r\n\r\nLaboratorium ini dikonsentrasikan pada materi perkuliahan praktikum:\r\n-Pemrograman Web & Aplikasi (P)\r\n-Pengembangan Perangkat Lunak (P)\r\n-Basis Data (W)\r\n-Teknologi Web & Aplikasi (W)\r\n-Algoritma & Struktur Data (P)	2
4	SAW-04.07	Laboratorium Cloud Computing	lab_images/ST_Data_Centers_ABOUT_TECH_1shutterstock_495697993_bqQxz8P.jpg.webp	Laboratorium Cloud Computing disiapkan untuk menyelengarakan praktikum berbasis komputasi awan dari tingkat dasar hingga lanjut. Di laboratorium ini mahasiswa diajarkan mengenai terapan segala hal yang berkaitan dengan dasar-dasar komputasi awan dan penerapan riil di lapangan dan ditunjang dengan perangkat yang berbasis Cisco dan didukung oleh Amazon Web Services (AWS).\r\n\r\nLaboratorium ini dikonsentrasikan pada materi perkuliahan praktikum:\r\n-Dasar Komputasi Awan(P)\r\n-Pemrograman Komputasi Awan (W)\r\n-Komputasi Awan untuk IoT(W)\r\n-Sistim Terdistribusi (P)\r\n-Jaringan Multimedia (P)	2
\.


--
-- Data for Name: laboratorium_peminjaman; Type: TABLE DATA; Schema: public; Owner: user_lab
--

COPY public.laboratorium_peminjaman (id, is_alat_baru, nama_alat_baru, tipe_alat_baru, sn_alat_baru, nama_lengkap, status_peminjam, nrp_nip, nomor_telepon, dosen_perkuliahan, nama_plp, catatan_kondisi, status_peminjaman, tanggal_kembali, kondisi_saat_kembali, tanggal_pinjam, laboratorium_id, peminjam_id, unit_alat_id) FROM stdin;
5	t	www	www		wwwwwww	Mahasiswa	11	11	wwww	wwww	www	Disetujui	\N	\N	2025-07-03 21:20:44.221181+00	1	5	\N
4	f	\N	\N	\N	wwwwwww	Mahasiswa	11	11	wwww	wwww	www	Dikembalikan	\N	\N	2025-07-03 21:20:33.265389+00	1	5	15
6	f	\N	\N	\N	wwwwww	Mahasiswa	1111	1111	wwww	wwww	www	Dikembalikan	\N	\N	2025-07-03 21:26:09.243827+00	1	5	8
7	t	www	www		www	Mahasiswa	11	11	www	www	www	Disetujui	\N	\N	2025-07-03 23:50:26.013544+00	2	5	\N
8	f	\N	\N	\N	www	Mahasiswa	111	11	ww	ww	www	Menunggu Persetujuan	\N	\N	2025-07-04 00:32:39.993044+00	2	5	3
9	t	sss	ddd	12223	ddd	Dosen	11	222	ddd	ddd	qwerd	Disetujui	\N	\N	2025-07-04 00:39:09.002139+00	4	5	\N
10	t	qq	qqq		aka	Mahasiswa	33	333	qq	qqq	qq	Disetujui	\N	\N	2025-07-04 00:47:43.691265+00	4	5	\N
11	f	\N	\N	\N	syafan	Mahasiswa	1111	111	doni	budi	oke	Menunggu Persetujuan	\N	\N	2025-07-04 01:50:51.088288+00	1	5	17
12	t	proyektor	proyektor		syafan	Mahasiswa	1111	111	doni	budi	oke	Disetujui	\N	\N	2025-07-04 01:51:08.681919+00	1	5	\N
13	t	proyektor	proyektor		syafan	Mahasiswa	1111	111	doni	budi	oke	Disetujui	\N	\N	2025-07-04 01:52:07.528131+00	1	5	\N
14	f	\N	\N	\N	ppoo	Mahasiswa	24236666666	085123123123	pak dosen	pak anang	bagus	Disetujui	\N	\N	2025-07-04 09:33:16.391759+00	3	5	12
15	f	\N	\N	\N	wwwww	Mahasiswa	12345678	111111111111111	wwedds	ccbnhy	eee	Disetujui	\N	\N	2025-07-04 09:38:06.569293+00	3	4	13
16	t	qwww	wwwww		erdddd	Dosen	2222222	11111111	eeeeeeeeee	eeeeeeeeee	wwwwww	Dikembalikan	\N	\N	2025-07-04 09:40:16.31843+00	3	5	\N
17	t	www	wwww		syafan	Mahasiswa	121212	1111	wwww	wwww	www	Disetujui	\N	\N	2025-07-06 05:44:04.076744+00	2	5	\N
18	t	www	wwww		syafan	Mahasiswa	121212	1111	wwww	wwww	www	Disetujui	\N	\N	2025-07-06 05:44:48.050424+00	2	5	\N
20	t	sss	sssssss		pan	Mahasiswa	444444444	11111111	sssss	doni	sss	Disetujui	\N	\N	2025-07-08 09:11:25.447181+00	2	5	\N
19	f	\N	\N	\N	pan	Mahasiswa	444444444	11111111	sssss	doni	sss	Disetujui	\N	\N	2025-07-08 09:11:05.835676+00	2	5	11
\.


--
-- Data for Name: laboratorium_pengembalian; Type: TABLE DATA; Schema: public; Owner: user_lab
--

COPY public.laboratorium_pengembalian (id, nama_pengembali, bukti_peminjaman, tanggal_pengembalian, kondisi_barang, status, nama_plp, peminjaman_id) FROM stdin;
6	wwwwww		2025-07-03	Baik	Menunggu Konfirmasi	wwwwww	6
7	wwwwww	bukti_kembali/bukti-peminjaman-wwww-6.pdf	2025-07-03	Baik	Menunggu Konfirmasi	wwwwww	5
8	sss		2025-07-03	Baik	Menunggu Konfirmasi	www	6
9	ddddd		2025-07-03	Baik	Menunggu Konfirmasi	www	6
10	fffff		2025-07-03	Baik	Diterima	wwwwwddf	6
11	222	bukti_kembali/bukti-peminjaman-wwww-6_wjj7pQq.pdf	2025-07-03	Baik	Menunggu Konfirmasi	222	5
12	wwwwww	bukti_kembali/bukti-peminjaman-wwww-6_DdGZrs2.pdf	2025-07-03	Baik	Menunggu Konfirmasi	222	5
13	www	bukti_kembali/bukti-peminjaman-wwwwwww-1_ubKH5jJ.pdf	2025-07-04	Baik	Menunggu Konfirmasi	www	7
14	wwwww	bukti_kembali/bukti-peminjaman-ddd.pdf	2025-07-04	Rusak	Menunggu Konfirmasi	dono	9
15	wwww	bukti_kembali/bukti-peminjaman-erdddd.pdf	2025-07-04	Baik	Diterima	wwwww	16
\.


--
-- Data for Name: laboratorium_plp; Type: TABLE DATA; Schema: public; Owner: user_lab
--

COPY public.laboratorium_plp (id, nama_lengkap, nip, foto) FROM stdin;
2	Saktya Hutami Pinastika S.T.	199306212025062004	foto_plp/2777.png
1	Anang Siswanto, A.Md.	198308102009101003	foto_plp/anang_nXrJ7NH.jpeg
\.


--
-- Data for Name: laboratorium_unitalat; Type: TABLE DATA; Schema: public; Owner: user_lab
--

COPY public.laboratorium_unitalat (id, tipe_atau_merk, serial_number, tahun_perolehan, kondisi, foto, status, kategori_id) FROM stdin;
1	rj45	101	2024	Baik	foto_alat/rj45.jpeg	Tersedia	1
2	Tekiro	9876	2023	Baik	foto_alat/obeng.jpeg	Tersedia	2
3	Raspi 5	131	2025	Baik	foto_alat/raspi5.jpeg	Tersedia	3
5	RouterBoard	141	2021	Baik	foto_alat/mikrotik.jpeg	Tersedia	4
6	Cisco Router	142	2025	Baik	foto_alat/cisco.jpeg	Tersedia	4
7	Tekiro 2	111	2023	Baik	foto_alat/obeng_jYhV1H2.jpeg	Tersedia	2
9	Tekiro 4	33333	2024	Baik	foto_alat/obeng_qz8HTwm.jpeg	Tersedia	2
10	Raspi 8	986	2025	Baik	foto_alat/raspi4_dEDJUpz.jpeg	Tersedia	3
14	rj45 1	444	2023	Baik	foto_alat/rj45_qXPqMeL.jpeg	Tersedia	1
16	rj45 3	151	2023	Baik	foto_alat/rj45_olY4wAb.jpeg	Tersedia	1
4	Raspi 4	132	2024	Baik	foto_alat/raspi4.jpeg	Tersedia	3
15	rj45 2	378	2023	Baik	foto_alat/rj45_IQdIqnL.jpeg	Tersedia	1
8	Tekiro 3	2222	2024	Baik	foto_alat/obeng_tk8JylK.jpeg	Tersedia	2
17	sanwa	1111	2021	Baik	foto_alat/cisco_Scn9hHt.jpeg	Tersedia	6
12	RouterBoard 1	144	2024	Baik	foto_alat/mikrotik_Spr9U00.jpeg	Dipinjam	4
13	Cisco Router 2	123	2025	Baik	foto_alat/cisco_pv5uOJ0.jpeg	Dipinjam	4
11	Raspi 2	367	2021	Baik	foto_alat/raspi5_94xqBXu.jpeg	Dipinjam	3
\.


--
-- Name: auth_group_id_seq; Type: SEQUENCE SET; Schema: public; Owner: user_lab
--

SELECT pg_catalog.setval('public.auth_group_id_seq', 1, false);


--
-- Name: auth_group_permissions_id_seq; Type: SEQUENCE SET; Schema: public; Owner: user_lab
--

SELECT pg_catalog.setval('public.auth_group_permissions_id_seq', 1, false);


--
-- Name: auth_permission_id_seq; Type: SEQUENCE SET; Schema: public; Owner: user_lab
--

SELECT pg_catalog.setval('public.auth_permission_id_seq', 56, true);


--
-- Name: auth_user_groups_id_seq; Type: SEQUENCE SET; Schema: public; Owner: user_lab
--

SELECT pg_catalog.setval('public.auth_user_groups_id_seq', 1, false);


--
-- Name: auth_user_id_seq; Type: SEQUENCE SET; Schema: public; Owner: user_lab
--

SELECT pg_catalog.setval('public.auth_user_id_seq', 6, true);


--
-- Name: auth_user_user_permissions_id_seq; Type: SEQUENCE SET; Schema: public; Owner: user_lab
--

SELECT pg_catalog.setval('public.auth_user_user_permissions_id_seq', 1, false);


--
-- Name: django_admin_log_id_seq; Type: SEQUENCE SET; Schema: public; Owner: user_lab
--

SELECT pg_catalog.setval('public.django_admin_log_id_seq', 58, true);


--
-- Name: django_content_type_id_seq; Type: SEQUENCE SET; Schema: public; Owner: user_lab
--

SELECT pg_catalog.setval('public.django_content_type_id_seq', 14, true);


--
-- Name: django_migrations_id_seq; Type: SEQUENCE SET; Schema: public; Owner: user_lab
--

SELECT pg_catalog.setval('public.django_migrations_id_seq', 20, true);


--
-- Name: laboratorium_jadwallab_id_seq; Type: SEQUENCE SET; Schema: public; Owner: user_lab
--

SELECT pg_catalog.setval('public.laboratorium_jadwallab_id_seq', 1, true);


--
-- Name: laboratorium_kategorialat_id_seq; Type: SEQUENCE SET; Schema: public; Owner: user_lab
--

SELECT pg_catalog.setval('public.laboratorium_kategorialat_id_seq', 6, true);


--
-- Name: laboratorium_kategoriutama_id_seq; Type: SEQUENCE SET; Schema: public; Owner: user_lab
--

SELECT pg_catalog.setval('public.laboratorium_kategoriutama_id_seq', 4, true);


--
-- Name: laboratorium_laboratorium_id_seq; Type: SEQUENCE SET; Schema: public; Owner: user_lab
--

SELECT pg_catalog.setval('public.laboratorium_laboratorium_id_seq', 4, true);


--
-- Name: laboratorium_peminjaman_id_seq; Type: SEQUENCE SET; Schema: public; Owner: user_lab
--

SELECT pg_catalog.setval('public.laboratorium_peminjaman_id_seq', 20, true);


--
-- Name: laboratorium_pengembalian_id_seq; Type: SEQUENCE SET; Schema: public; Owner: user_lab
--

SELECT pg_catalog.setval('public.laboratorium_pengembalian_id_seq', 15, true);


--
-- Name: laboratorium_plp_id_seq; Type: SEQUENCE SET; Schema: public; Owner: user_lab
--

SELECT pg_catalog.setval('public.laboratorium_plp_id_seq', 2, true);


--
-- Name: laboratorium_unitalat_id_seq; Type: SEQUENCE SET; Schema: public; Owner: user_lab
--

SELECT pg_catalog.setval('public.laboratorium_unitalat_id_seq', 17, true);


--
-- Name: auth_group auth_group_name_key; Type: CONSTRAINT; Schema: public; Owner: user_lab
--

ALTER TABLE ONLY public.auth_group
    ADD CONSTRAINT auth_group_name_key UNIQUE (name);


--
-- Name: auth_group_permissions auth_group_permissions_group_id_permission_id_0cd325b0_uniq; Type: CONSTRAINT; Schema: public; Owner: user_lab
--

ALTER TABLE ONLY public.auth_group_permissions
    ADD CONSTRAINT auth_group_permissions_group_id_permission_id_0cd325b0_uniq UNIQUE (group_id, permission_id);


--
-- Name: auth_group_permissions auth_group_permissions_pkey; Type: CONSTRAINT; Schema: public; Owner: user_lab
--

ALTER TABLE ONLY public.auth_group_permissions
    ADD CONSTRAINT auth_group_permissions_pkey PRIMARY KEY (id);


--
-- Name: auth_group auth_group_pkey; Type: CONSTRAINT; Schema: public; Owner: user_lab
--

ALTER TABLE ONLY public.auth_group
    ADD CONSTRAINT auth_group_pkey PRIMARY KEY (id);


--
-- Name: auth_permission auth_permission_content_type_id_codename_01ab375a_uniq; Type: CONSTRAINT; Schema: public; Owner: user_lab
--

ALTER TABLE ONLY public.auth_permission
    ADD CONSTRAINT auth_permission_content_type_id_codename_01ab375a_uniq UNIQUE (content_type_id, codename);


--
-- Name: auth_permission auth_permission_pkey; Type: CONSTRAINT; Schema: public; Owner: user_lab
--

ALTER TABLE ONLY public.auth_permission
    ADD CONSTRAINT auth_permission_pkey PRIMARY KEY (id);


--
-- Name: auth_user_groups auth_user_groups_pkey; Type: CONSTRAINT; Schema: public; Owner: user_lab
--

ALTER TABLE ONLY public.auth_user_groups
    ADD CONSTRAINT auth_user_groups_pkey PRIMARY KEY (id);


--
-- Name: auth_user_groups auth_user_groups_user_id_group_id_94350c0c_uniq; Type: CONSTRAINT; Schema: public; Owner: user_lab
--

ALTER TABLE ONLY public.auth_user_groups
    ADD CONSTRAINT auth_user_groups_user_id_group_id_94350c0c_uniq UNIQUE (user_id, group_id);


--
-- Name: auth_user auth_user_pkey; Type: CONSTRAINT; Schema: public; Owner: user_lab
--

ALTER TABLE ONLY public.auth_user
    ADD CONSTRAINT auth_user_pkey PRIMARY KEY (id);


--
-- Name: auth_user_user_permissions auth_user_user_permissions_pkey; Type: CONSTRAINT; Schema: public; Owner: user_lab
--

ALTER TABLE ONLY public.auth_user_user_permissions
    ADD CONSTRAINT auth_user_user_permissions_pkey PRIMARY KEY (id);


--
-- Name: auth_user_user_permissions auth_user_user_permissions_user_id_permission_id_14a6b632_uniq; Type: CONSTRAINT; Schema: public; Owner: user_lab
--

ALTER TABLE ONLY public.auth_user_user_permissions
    ADD CONSTRAINT auth_user_user_permissions_user_id_permission_id_14a6b632_uniq UNIQUE (user_id, permission_id);


--
-- Name: auth_user auth_user_username_key; Type: CONSTRAINT; Schema: public; Owner: user_lab
--

ALTER TABLE ONLY public.auth_user
    ADD CONSTRAINT auth_user_username_key UNIQUE (username);


--
-- Name: django_admin_log django_admin_log_pkey; Type: CONSTRAINT; Schema: public; Owner: user_lab
--

ALTER TABLE ONLY public.django_admin_log
    ADD CONSTRAINT django_admin_log_pkey PRIMARY KEY (id);


--
-- Name: django_content_type django_content_type_app_label_model_76bd3d3b_uniq; Type: CONSTRAINT; Schema: public; Owner: user_lab
--

ALTER TABLE ONLY public.django_content_type
    ADD CONSTRAINT django_content_type_app_label_model_76bd3d3b_uniq UNIQUE (app_label, model);


--
-- Name: django_content_type django_content_type_pkey; Type: CONSTRAINT; Schema: public; Owner: user_lab
--

ALTER TABLE ONLY public.django_content_type
    ADD CONSTRAINT django_content_type_pkey PRIMARY KEY (id);


--
-- Name: django_migrations django_migrations_pkey; Type: CONSTRAINT; Schema: public; Owner: user_lab
--

ALTER TABLE ONLY public.django_migrations
    ADD CONSTRAINT django_migrations_pkey PRIMARY KEY (id);


--
-- Name: django_session django_session_pkey; Type: CONSTRAINT; Schema: public; Owner: user_lab
--

ALTER TABLE ONLY public.django_session
    ADD CONSTRAINT django_session_pkey PRIMARY KEY (session_key);


--
-- Name: laboratorium_jadwallab laboratorium_jadwallab_pkey; Type: CONSTRAINT; Schema: public; Owner: user_lab
--

ALTER TABLE ONLY public.laboratorium_jadwallab
    ADD CONSTRAINT laboratorium_jadwallab_pkey PRIMARY KEY (id);


--
-- Name: laboratorium_kategorialat laboratorium_kategorialat_nama_key; Type: CONSTRAINT; Schema: public; Owner: user_lab
--

ALTER TABLE ONLY public.laboratorium_kategorialat
    ADD CONSTRAINT laboratorium_kategorialat_nama_key UNIQUE (nama);


--
-- Name: laboratorium_kategorialat laboratorium_kategorialat_pkey; Type: CONSTRAINT; Schema: public; Owner: user_lab
--

ALTER TABLE ONLY public.laboratorium_kategorialat
    ADD CONSTRAINT laboratorium_kategorialat_pkey PRIMARY KEY (id);


--
-- Name: laboratorium_kategoriutama laboratorium_kategoriutama_nama_key; Type: CONSTRAINT; Schema: public; Owner: user_lab
--

ALTER TABLE ONLY public.laboratorium_kategoriutama
    ADD CONSTRAINT laboratorium_kategoriutama_nama_key UNIQUE (nama);


--
-- Name: laboratorium_kategoriutama laboratorium_kategoriutama_pkey; Type: CONSTRAINT; Schema: public; Owner: user_lab
--

ALTER TABLE ONLY public.laboratorium_kategoriutama
    ADD CONSTRAINT laboratorium_kategoriutama_pkey PRIMARY KEY (id);


--
-- Name: laboratorium_laboratorium laboratorium_laboratorium_kode_ruang_key; Type: CONSTRAINT; Schema: public; Owner: user_lab
--

ALTER TABLE ONLY public.laboratorium_laboratorium
    ADD CONSTRAINT laboratorium_laboratorium_kode_ruang_key UNIQUE (kode_ruang);


--
-- Name: laboratorium_laboratorium laboratorium_laboratorium_nama_key; Type: CONSTRAINT; Schema: public; Owner: user_lab
--

ALTER TABLE ONLY public.laboratorium_laboratorium
    ADD CONSTRAINT laboratorium_laboratorium_nama_key UNIQUE (nama);


--
-- Name: laboratorium_laboratorium laboratorium_laboratorium_pkey; Type: CONSTRAINT; Schema: public; Owner: user_lab
--

ALTER TABLE ONLY public.laboratorium_laboratorium
    ADD CONSTRAINT laboratorium_laboratorium_pkey PRIMARY KEY (id);


--
-- Name: laboratorium_peminjaman laboratorium_peminjaman_pkey; Type: CONSTRAINT; Schema: public; Owner: user_lab
--

ALTER TABLE ONLY public.laboratorium_peminjaman
    ADD CONSTRAINT laboratorium_peminjaman_pkey PRIMARY KEY (id);


--
-- Name: laboratorium_pengembalian laboratorium_pengembalian_pkey; Type: CONSTRAINT; Schema: public; Owner: user_lab
--

ALTER TABLE ONLY public.laboratorium_pengembalian
    ADD CONSTRAINT laboratorium_pengembalian_pkey PRIMARY KEY (id);


--
-- Name: laboratorium_plp laboratorium_plp_nip_key; Type: CONSTRAINT; Schema: public; Owner: user_lab
--

ALTER TABLE ONLY public.laboratorium_plp
    ADD CONSTRAINT laboratorium_plp_nip_key UNIQUE (nip);


--
-- Name: laboratorium_plp laboratorium_plp_pkey; Type: CONSTRAINT; Schema: public; Owner: user_lab
--

ALTER TABLE ONLY public.laboratorium_plp
    ADD CONSTRAINT laboratorium_plp_pkey PRIMARY KEY (id);


--
-- Name: laboratorium_unitalat laboratorium_unitalat_pkey; Type: CONSTRAINT; Schema: public; Owner: user_lab
--

ALTER TABLE ONLY public.laboratorium_unitalat
    ADD CONSTRAINT laboratorium_unitalat_pkey PRIMARY KEY (id);


--
-- Name: laboratorium_unitalat laboratorium_unitalat_serial_number_key; Type: CONSTRAINT; Schema: public; Owner: user_lab
--

ALTER TABLE ONLY public.laboratorium_unitalat
    ADD CONSTRAINT laboratorium_unitalat_serial_number_key UNIQUE (serial_number);


--
-- Name: auth_group_name_a6ea08ec_like; Type: INDEX; Schema: public; Owner: user_lab
--

CREATE INDEX auth_group_name_a6ea08ec_like ON public.auth_group USING btree (name varchar_pattern_ops);


--
-- Name: auth_group_permissions_group_id_b120cbf9; Type: INDEX; Schema: public; Owner: user_lab
--

CREATE INDEX auth_group_permissions_group_id_b120cbf9 ON public.auth_group_permissions USING btree (group_id);


--
-- Name: auth_group_permissions_permission_id_84c5c92e; Type: INDEX; Schema: public; Owner: user_lab
--

CREATE INDEX auth_group_permissions_permission_id_84c5c92e ON public.auth_group_permissions USING btree (permission_id);


--
-- Name: auth_permission_content_type_id_2f476e4b; Type: INDEX; Schema: public; Owner: user_lab
--

CREATE INDEX auth_permission_content_type_id_2f476e4b ON public.auth_permission USING btree (content_type_id);


--
-- Name: auth_user_groups_group_id_97559544; Type: INDEX; Schema: public; Owner: user_lab
--

CREATE INDEX auth_user_groups_group_id_97559544 ON public.auth_user_groups USING btree (group_id);


--
-- Name: auth_user_groups_user_id_6a12ed8b; Type: INDEX; Schema: public; Owner: user_lab
--

CREATE INDEX auth_user_groups_user_id_6a12ed8b ON public.auth_user_groups USING btree (user_id);


--
-- Name: auth_user_user_permissions_permission_id_1fbb5f2c; Type: INDEX; Schema: public; Owner: user_lab
--

CREATE INDEX auth_user_user_permissions_permission_id_1fbb5f2c ON public.auth_user_user_permissions USING btree (permission_id);


--
-- Name: auth_user_user_permissions_user_id_a95ead1b; Type: INDEX; Schema: public; Owner: user_lab
--

CREATE INDEX auth_user_user_permissions_user_id_a95ead1b ON public.auth_user_user_permissions USING btree (user_id);


--
-- Name: auth_user_username_6821ab7c_like; Type: INDEX; Schema: public; Owner: user_lab
--

CREATE INDEX auth_user_username_6821ab7c_like ON public.auth_user USING btree (username varchar_pattern_ops);


--
-- Name: django_admin_log_content_type_id_c4bce8eb; Type: INDEX; Schema: public; Owner: user_lab
--

CREATE INDEX django_admin_log_content_type_id_c4bce8eb ON public.django_admin_log USING btree (content_type_id);


--
-- Name: django_admin_log_user_id_c564eba6; Type: INDEX; Schema: public; Owner: user_lab
--

CREATE INDEX django_admin_log_user_id_c564eba6 ON public.django_admin_log USING btree (user_id);


--
-- Name: django_session_expire_date_a5c62663; Type: INDEX; Schema: public; Owner: user_lab
--

CREATE INDEX django_session_expire_date_a5c62663 ON public.django_session USING btree (expire_date);


--
-- Name: django_session_session_key_c0390e0f_like; Type: INDEX; Schema: public; Owner: user_lab
--

CREATE INDEX django_session_session_key_c0390e0f_like ON public.django_session USING btree (session_key varchar_pattern_ops);


--
-- Name: laboratorium_jadwallab_laboratorium_id_ddaab9a7; Type: INDEX; Schema: public; Owner: user_lab
--

CREATE INDEX laboratorium_jadwallab_laboratorium_id_ddaab9a7 ON public.laboratorium_jadwallab USING btree (laboratorium_id);


--
-- Name: laboratorium_kategorialat_kategori_utama_id_50becee6; Type: INDEX; Schema: public; Owner: user_lab
--

CREATE INDEX laboratorium_kategorialat_kategori_utama_id_50becee6 ON public.laboratorium_kategorialat USING btree (kategori_utama_id);


--
-- Name: laboratorium_kategorialat_nama_cef54577_like; Type: INDEX; Schema: public; Owner: user_lab
--

CREATE INDEX laboratorium_kategorialat_nama_cef54577_like ON public.laboratorium_kategorialat USING btree (nama varchar_pattern_ops);


--
-- Name: laboratorium_kategoriutama_nama_787162a5_like; Type: INDEX; Schema: public; Owner: user_lab
--

CREATE INDEX laboratorium_kategoriutama_nama_787162a5_like ON public.laboratorium_kategoriutama USING btree (nama varchar_pattern_ops);


--
-- Name: laboratorium_laboratorium_kode_ruang_444fa3a9_like; Type: INDEX; Schema: public; Owner: user_lab
--

CREATE INDEX laboratorium_laboratorium_kode_ruang_444fa3a9_like ON public.laboratorium_laboratorium USING btree (kode_ruang varchar_pattern_ops);


--
-- Name: laboratorium_laboratorium_nama_a1ff021a_like; Type: INDEX; Schema: public; Owner: user_lab
--

CREATE INDEX laboratorium_laboratorium_nama_a1ff021a_like ON public.laboratorium_laboratorium USING btree (nama varchar_pattern_ops);


--
-- Name: laboratorium_laboratorium_plp_id_1b63b220; Type: INDEX; Schema: public; Owner: user_lab
--

CREATE INDEX laboratorium_laboratorium_plp_id_1b63b220 ON public.laboratorium_laboratorium USING btree (plp_id);


--
-- Name: laboratorium_peminjaman_laboratorium_id_027d7ffc; Type: INDEX; Schema: public; Owner: user_lab
--

CREATE INDEX laboratorium_peminjaman_laboratorium_id_027d7ffc ON public.laboratorium_peminjaman USING btree (laboratorium_id);


--
-- Name: laboratorium_peminjaman_peminjam_id_9797a97d; Type: INDEX; Schema: public; Owner: user_lab
--

CREATE INDEX laboratorium_peminjaman_peminjam_id_9797a97d ON public.laboratorium_peminjaman USING btree (peminjam_id);


--
-- Name: laboratorium_peminjaman_unit_alat_id_0ea1ed87; Type: INDEX; Schema: public; Owner: user_lab
--

CREATE INDEX laboratorium_peminjaman_unit_alat_id_0ea1ed87 ON public.laboratorium_peminjaman USING btree (unit_alat_id);


--
-- Name: laboratorium_pengembalian_peminjaman_id_2943a3ff; Type: INDEX; Schema: public; Owner: user_lab
--

CREATE INDEX laboratorium_pengembalian_peminjaman_id_2943a3ff ON public.laboratorium_pengembalian USING btree (peminjaman_id);


--
-- Name: laboratorium_plp_nip_d1f168f5_like; Type: INDEX; Schema: public; Owner: user_lab
--

CREATE INDEX laboratorium_plp_nip_d1f168f5_like ON public.laboratorium_plp USING btree (nip varchar_pattern_ops);


--
-- Name: laboratorium_unitalat_kategori_id_a197a701; Type: INDEX; Schema: public; Owner: user_lab
--

CREATE INDEX laboratorium_unitalat_kategori_id_a197a701 ON public.laboratorium_unitalat USING btree (kategori_id);


--
-- Name: laboratorium_unitalat_serial_number_5bb0b6a4_like; Type: INDEX; Schema: public; Owner: user_lab
--

CREATE INDEX laboratorium_unitalat_serial_number_5bb0b6a4_like ON public.laboratorium_unitalat USING btree (serial_number varchar_pattern_ops);


--
-- Name: auth_group_permissions auth_group_permissio_permission_id_84c5c92e_fk_auth_perm; Type: FK CONSTRAINT; Schema: public; Owner: user_lab
--

ALTER TABLE ONLY public.auth_group_permissions
    ADD CONSTRAINT auth_group_permissio_permission_id_84c5c92e_fk_auth_perm FOREIGN KEY (permission_id) REFERENCES public.auth_permission(id) DEFERRABLE INITIALLY DEFERRED;


--
-- Name: auth_group_permissions auth_group_permissions_group_id_b120cbf9_fk_auth_group_id; Type: FK CONSTRAINT; Schema: public; Owner: user_lab
--

ALTER TABLE ONLY public.auth_group_permissions
    ADD CONSTRAINT auth_group_permissions_group_id_b120cbf9_fk_auth_group_id FOREIGN KEY (group_id) REFERENCES public.auth_group(id) DEFERRABLE INITIALLY DEFERRED;


--
-- Name: auth_permission auth_permission_content_type_id_2f476e4b_fk_django_co; Type: FK CONSTRAINT; Schema: public; Owner: user_lab
--

ALTER TABLE ONLY public.auth_permission
    ADD CONSTRAINT auth_permission_content_type_id_2f476e4b_fk_django_co FOREIGN KEY (content_type_id) REFERENCES public.django_content_type(id) DEFERRABLE INITIALLY DEFERRED;


--
-- Name: auth_user_groups auth_user_groups_group_id_97559544_fk_auth_group_id; Type: FK CONSTRAINT; Schema: public; Owner: user_lab
--

ALTER TABLE ONLY public.auth_user_groups
    ADD CONSTRAINT auth_user_groups_group_id_97559544_fk_auth_group_id FOREIGN KEY (group_id) REFERENCES public.auth_group(id) DEFERRABLE INITIALLY DEFERRED;


--
-- Name: auth_user_groups auth_user_groups_user_id_6a12ed8b_fk_auth_user_id; Type: FK CONSTRAINT; Schema: public; Owner: user_lab
--

ALTER TABLE ONLY public.auth_user_groups
    ADD CONSTRAINT auth_user_groups_user_id_6a12ed8b_fk_auth_user_id FOREIGN KEY (user_id) REFERENCES public.auth_user(id) DEFERRABLE INITIALLY DEFERRED;


--
-- Name: auth_user_user_permissions auth_user_user_permi_permission_id_1fbb5f2c_fk_auth_perm; Type: FK CONSTRAINT; Schema: public; Owner: user_lab
--

ALTER TABLE ONLY public.auth_user_user_permissions
    ADD CONSTRAINT auth_user_user_permi_permission_id_1fbb5f2c_fk_auth_perm FOREIGN KEY (permission_id) REFERENCES public.auth_permission(id) DEFERRABLE INITIALLY DEFERRED;


--
-- Name: auth_user_user_permissions auth_user_user_permissions_user_id_a95ead1b_fk_auth_user_id; Type: FK CONSTRAINT; Schema: public; Owner: user_lab
--

ALTER TABLE ONLY public.auth_user_user_permissions
    ADD CONSTRAINT auth_user_user_permissions_user_id_a95ead1b_fk_auth_user_id FOREIGN KEY (user_id) REFERENCES public.auth_user(id) DEFERRABLE INITIALLY DEFERRED;


--
-- Name: django_admin_log django_admin_log_content_type_id_c4bce8eb_fk_django_co; Type: FK CONSTRAINT; Schema: public; Owner: user_lab
--

ALTER TABLE ONLY public.django_admin_log
    ADD CONSTRAINT django_admin_log_content_type_id_c4bce8eb_fk_django_co FOREIGN KEY (content_type_id) REFERENCES public.django_content_type(id) DEFERRABLE INITIALLY DEFERRED;


--
-- Name: django_admin_log django_admin_log_user_id_c564eba6_fk_auth_user_id; Type: FK CONSTRAINT; Schema: public; Owner: user_lab
--

ALTER TABLE ONLY public.django_admin_log
    ADD CONSTRAINT django_admin_log_user_id_c564eba6_fk_auth_user_id FOREIGN KEY (user_id) REFERENCES public.auth_user(id) DEFERRABLE INITIALLY DEFERRED;


--
-- Name: laboratorium_jadwallab laboratorium_jadwall_laboratorium_id_ddaab9a7_fk_laborator; Type: FK CONSTRAINT; Schema: public; Owner: user_lab
--

ALTER TABLE ONLY public.laboratorium_jadwallab
    ADD CONSTRAINT laboratorium_jadwall_laboratorium_id_ddaab9a7_fk_laborator FOREIGN KEY (laboratorium_id) REFERENCES public.laboratorium_laboratorium(id) DEFERRABLE INITIALLY DEFERRED;


--
-- Name: laboratorium_kategorialat laboratorium_kategor_kategori_utama_id_50becee6_fk_laborator; Type: FK CONSTRAINT; Schema: public; Owner: user_lab
--

ALTER TABLE ONLY public.laboratorium_kategorialat
    ADD CONSTRAINT laboratorium_kategor_kategori_utama_id_50becee6_fk_laborator FOREIGN KEY (kategori_utama_id) REFERENCES public.laboratorium_kategoriutama(id) DEFERRABLE INITIALLY DEFERRED;


--
-- Name: laboratorium_laboratorium laboratorium_laborat_plp_id_1b63b220_fk_laborator; Type: FK CONSTRAINT; Schema: public; Owner: user_lab
--

ALTER TABLE ONLY public.laboratorium_laboratorium
    ADD CONSTRAINT laboratorium_laborat_plp_id_1b63b220_fk_laborator FOREIGN KEY (plp_id) REFERENCES public.laboratorium_plp(id) DEFERRABLE INITIALLY DEFERRED;


--
-- Name: laboratorium_peminjaman laboratorium_peminja_laboratorium_id_027d7ffc_fk_laborator; Type: FK CONSTRAINT; Schema: public; Owner: user_lab
--

ALTER TABLE ONLY public.laboratorium_peminjaman
    ADD CONSTRAINT laboratorium_peminja_laboratorium_id_027d7ffc_fk_laborator FOREIGN KEY (laboratorium_id) REFERENCES public.laboratorium_laboratorium(id) DEFERRABLE INITIALLY DEFERRED;


--
-- Name: laboratorium_peminjaman laboratorium_peminja_unit_alat_id_0ea1ed87_fk_laborator; Type: FK CONSTRAINT; Schema: public; Owner: user_lab
--

ALTER TABLE ONLY public.laboratorium_peminjaman
    ADD CONSTRAINT laboratorium_peminja_unit_alat_id_0ea1ed87_fk_laborator FOREIGN KEY (unit_alat_id) REFERENCES public.laboratorium_unitalat(id) DEFERRABLE INITIALLY DEFERRED;


--
-- Name: laboratorium_peminjaman laboratorium_peminjaman_peminjam_id_9797a97d_fk_auth_user_id; Type: FK CONSTRAINT; Schema: public; Owner: user_lab
--

ALTER TABLE ONLY public.laboratorium_peminjaman
    ADD CONSTRAINT laboratorium_peminjaman_peminjam_id_9797a97d_fk_auth_user_id FOREIGN KEY (peminjam_id) REFERENCES public.auth_user(id) DEFERRABLE INITIALLY DEFERRED;


--
-- Name: laboratorium_pengembalian laboratorium_pengemb_peminjaman_id_2943a3ff_fk_laborator; Type: FK CONSTRAINT; Schema: public; Owner: user_lab
--

ALTER TABLE ONLY public.laboratorium_pengembalian
    ADD CONSTRAINT laboratorium_pengemb_peminjaman_id_2943a3ff_fk_laborator FOREIGN KEY (peminjaman_id) REFERENCES public.laboratorium_peminjaman(id) DEFERRABLE INITIALLY DEFERRED;


--
-- Name: laboratorium_unitalat laboratorium_unitala_kategori_id_a197a701_fk_laborator; Type: FK CONSTRAINT; Schema: public; Owner: user_lab
--

ALTER TABLE ONLY public.laboratorium_unitalat
    ADD CONSTRAINT laboratorium_unitala_kategori_id_a197a701_fk_laborator FOREIGN KEY (kategori_id) REFERENCES public.laboratorium_kategorialat(id) DEFERRABLE INITIALLY DEFERRED;


--
-- Name: SCHEMA public; Type: ACL; Schema: -; Owner: pg_database_owner
--

GRANT ALL ON SCHEMA public TO user_lab;


--
-- PostgreSQL database dump complete
--

