--
-- PostgreSQL database dump
--

-- Dumped from database version 16.9 (Debian 16.9-1.pgdg120+1)
-- Dumped by pg_dump version 16.9 (Debian 16.9-1.pgdg120+1)

SET statement_timeout = 0;
SET lock_timeout = 0;
SET idle_in_transaction_session_timeout = 0;
SET client_encoding = 'UTF8';
SET standard_conforming_strings = on;
SELECT pg_catalog.set_config('search_path', '', false);
SET check_function_bodies = false;
SET xmloption = content;
SET client_min_messages = warning;
SET row_security = off;

SET default_tablespace = '';

SET default_table_access_method = heap;

--
-- Name: auth_group; Type: TABLE; Schema: public; Owner: adminlabtri3
--

CREATE TABLE public.auth_group (
    id integer NOT NULL,
    name character varying(150) NOT NULL
);


ALTER TABLE public.auth_group OWNER TO adminlabtri3;

--
-- Name: auth_group_id_seq; Type: SEQUENCE; Schema: public; Owner: adminlabtri3
--

ALTER TABLE public.auth_group ALTER COLUMN id ADD GENERATED BY DEFAULT AS IDENTITY (
    SEQUENCE NAME public.auth_group_id_seq
    START WITH 1
    INCREMENT BY 1
    NO MINVALUE
    NO MAXVALUE
    CACHE 1
);


--
-- Name: auth_group_permissions; Type: TABLE; Schema: public; Owner: adminlabtri3
--

CREATE TABLE public.auth_group_permissions (
    id bigint NOT NULL,
    group_id integer NOT NULL,
    permission_id integer NOT NULL
);


ALTER TABLE public.auth_group_permissions OWNER TO adminlabtri3;

--
-- Name: auth_group_permissions_id_seq; Type: SEQUENCE; Schema: public; Owner: adminlabtri3
--

ALTER TABLE public.auth_group_permissions ALTER COLUMN id ADD GENERATED BY DEFAULT AS IDENTITY (
    SEQUENCE NAME public.auth_group_permissions_id_seq
    START WITH 1
    INCREMENT BY 1
    NO MINVALUE
    NO MAXVALUE
    CACHE 1
);


--
-- Name: auth_permission; Type: TABLE; Schema: public; Owner: adminlabtri3
--

CREATE TABLE public.auth_permission (
    id integer NOT NULL,
    name character varying(255) NOT NULL,
    content_type_id integer NOT NULL,
    codename character varying(100) NOT NULL
);


ALTER TABLE public.auth_permission OWNER TO adminlabtri3;

--
-- Name: auth_permission_id_seq; Type: SEQUENCE; Schema: public; Owner: adminlabtri3
--

ALTER TABLE public.auth_permission ALTER COLUMN id ADD GENERATED BY DEFAULT AS IDENTITY (
    SEQUENCE NAME public.auth_permission_id_seq
    START WITH 1
    INCREMENT BY 1
    NO MINVALUE
    NO MAXVALUE
    CACHE 1
);


--
-- Name: auth_user; Type: TABLE; Schema: public; Owner: adminlabtri3
--

CREATE TABLE public.auth_user (
    id integer NOT NULL,
    password character varying(128) NOT NULL,
    last_login timestamp with time zone,
    is_superuser boolean NOT NULL,
    username character varying(150) NOT NULL,
    first_name character varying(150) NOT NULL,
    last_name character varying(150) NOT NULL,
    email character varying(254) NOT NULL,
    is_staff boolean NOT NULL,
    is_active boolean NOT NULL,
    date_joined timestamp with time zone NOT NULL
);


ALTER TABLE public.auth_user OWNER TO adminlabtri3;

--
-- Name: auth_user_groups; Type: TABLE; Schema: public; Owner: adminlabtri3
--

CREATE TABLE public.auth_user_groups (
    id bigint NOT NULL,
    user_id integer NOT NULL,
    group_id integer NOT NULL
);


ALTER TABLE public.auth_user_groups OWNER TO adminlabtri3;

--
-- Name: auth_user_groups_id_seq; Type: SEQUENCE; Schema: public; Owner: adminlabtri3
--

ALTER TABLE public.auth_user_groups ALTER COLUMN id ADD GENERATED BY DEFAULT AS IDENTITY (
    SEQUENCE NAME public.auth_user_groups_id_seq
    START WITH 1
    INCREMENT BY 1
    NO MINVALUE
    NO MAXVALUE
    CACHE 1
);


--
-- Name: auth_user_id_seq; Type: SEQUENCE; Schema: public; Owner: adminlabtri3
--

ALTER TABLE public.auth_user ALTER COLUMN id ADD GENERATED BY DEFAULT AS IDENTITY (
    SEQUENCE NAME public.auth_user_id_seq
    START WITH 1
    INCREMENT BY 1
    NO MINVALUE
    NO MAXVALUE
    CACHE 1
);


--
-- Name: auth_user_user_permissions; Type: TABLE; Schema: public; Owner: adminlabtri3
--

CREATE TABLE public.auth_user_user_permissions (
    id bigint NOT NULL,
    user_id integer NOT NULL,
    permission_id integer NOT NULL
);


ALTER TABLE public.auth_user_user_permissions OWNER TO adminlabtri3;

--
-- Name: auth_user_user_permissions_id_seq; Type: SEQUENCE; Schema: public; Owner: adminlabtri3
--

ALTER TABLE public.auth_user_user_permissions ALTER COLUMN id ADD GENERATED BY DEFAULT AS IDENTITY (
    SEQUENCE NAME public.auth_user_user_permissions_id_seq
    START WITH 1
    INCREMENT BY 1
    NO MINVALUE
    NO MAXVALUE
    CACHE 1
);


--
-- Name: django_admin_log; Type: TABLE; Schema: public; Owner: adminlabtri3
--

CREATE TABLE public.django_admin_log (
    id integer NOT NULL,
    action_time timestamp with time zone NOT NULL,
    object_id text,
    object_repr character varying(200) NOT NULL,
    action_flag smallint NOT NULL,
    change_message text NOT NULL,
    content_type_id integer,
    user_id integer NOT NULL,
    CONSTRAINT django_admin_log_action_flag_check CHECK ((action_flag >= 0))
);


ALTER TABLE public.django_admin_log OWNER TO adminlabtri3;

--
-- Name: django_admin_log_id_seq; Type: SEQUENCE; Schema: public; Owner: adminlabtri3
--

ALTER TABLE public.django_admin_log ALTER COLUMN id ADD GENERATED BY DEFAULT AS IDENTITY (
    SEQUENCE NAME public.django_admin_log_id_seq
    START WITH 1
    INCREMENT BY 1
    NO MINVALUE
    NO MAXVALUE
    CACHE 1
);


--
-- Name: django_content_type; Type: TABLE; Schema: public; Owner: adminlabtri3
--

CREATE TABLE public.django_content_type (
    id integer NOT NULL,
    app_label character varying(100) NOT NULL,
    model character varying(100) NOT NULL
);


ALTER TABLE public.django_content_type OWNER TO adminlabtri3;

--
-- Name: django_content_type_id_seq; Type: SEQUENCE; Schema: public; Owner: adminlabtri3
--

ALTER TABLE public.django_content_type ALTER COLUMN id ADD GENERATED BY DEFAULT AS IDENTITY (
    SEQUENCE NAME public.django_content_type_id_seq
    START WITH 1
    INCREMENT BY 1
    NO MINVALUE
    NO MAXVALUE
    CACHE 1
);


--
-- Name: django_migrations; Type: TABLE; Schema: public; Owner: adminlabtri3
--

CREATE TABLE public.django_migrations (
    id bigint NOT NULL,
    app character varying(255) NOT NULL,
    name character varying(255) NOT NULL,
    applied timestamp with time zone NOT NULL
);


ALTER TABLE public.django_migrations OWNER TO adminlabtri3;

--
-- Name: django_migrations_id_seq; Type: SEQUENCE; Schema: public; Owner: adminlabtri3
--

ALTER TABLE public.django_migrations ALTER COLUMN id ADD GENERATED BY DEFAULT AS IDENTITY (
    SEQUENCE NAME public.django_migrations_id_seq
    START WITH 1
    INCREMENT BY 1
    NO MINVALUE
    NO MAXVALUE
    CACHE 1
);


--
-- Name: django_session; Type: TABLE; Schema: public; Owner: adminlabtri3
--

CREATE TABLE public.django_session (
    session_key character varying(40) NOT NULL,
    session_data text NOT NULL,
    expire_date timestamp with time zone NOT NULL
);


ALTER TABLE public.django_session OWNER TO adminlabtri3;

--
-- Name: laboratorium_jadwallab; Type: TABLE; Schema: public; Owner: adminlabtri3
--

CREATE TABLE public.laboratorium_jadwallab (
    id bigint NOT NULL,
    gambar_jadwal character varying(100) NOT NULL,
    keterangan character varying(255),
    laboratorium_id bigint NOT NULL
);


ALTER TABLE public.laboratorium_jadwallab OWNER TO adminlabtri3;

--
-- Name: laboratorium_jadwallab_id_seq; Type: SEQUENCE; Schema: public; Owner: adminlabtri3
--

ALTER TABLE public.laboratorium_jadwallab ALTER COLUMN id ADD GENERATED BY DEFAULT AS IDENTITY (
    SEQUENCE NAME public.laboratorium_jadwallab_id_seq
    START WITH 1
    INCREMENT BY 1
    NO MINVALUE
    NO MAXVALUE
    CACHE 1
);


--
-- Name: laboratorium_kategorialat; Type: TABLE; Schema: public; Owner: adminlabtri3
--

CREATE TABLE public.laboratorium_kategorialat (
    id bigint NOT NULL,
    nama character varying(100) NOT NULL,
    kategori_utama_id bigint NOT NULL
);


ALTER TABLE public.laboratorium_kategorialat OWNER TO adminlabtri3;

--
-- Name: laboratorium_kategorialat_id_seq; Type: SEQUENCE; Schema: public; Owner: adminlabtri3
--

ALTER TABLE public.laboratorium_kategorialat ALTER COLUMN id ADD GENERATED BY DEFAULT AS IDENTITY (
    SEQUENCE NAME public.laboratorium_kategorialat_id_seq
    START WITH 1
    INCREMENT BY 1
    NO MINVALUE
    NO MAXVALUE
    CACHE 1
);


--
-- Name: laboratorium_kategoriutama; Type: TABLE; Schema: public; Owner: adminlabtri3
--

CREATE TABLE public.laboratorium_kategoriutama (
    id bigint NOT NULL,
    nama character varying(100) NOT NULL
);


ALTER TABLE public.laboratorium_kategoriutama OWNER TO adminlabtri3;

--
-- Name: laboratorium_kategoriutama_id_seq; Type: SEQUENCE; Schema: public; Owner: adminlabtri3
--

ALTER TABLE public.laboratorium_kategoriutama ALTER COLUMN id ADD GENERATED BY DEFAULT AS IDENTITY (
    SEQUENCE NAME public.laboratorium_kategoriutama_id_seq
    START WITH 1
    INCREMENT BY 1
    NO MINVALUE
    NO MAXVALUE
    CACHE 1
);


--
-- Name: laboratorium_laboratorium; Type: TABLE; Schema: public; Owner: adminlabtri3
--

CREATE TABLE public.laboratorium_laboratorium (
    id bigint NOT NULL,
    kode_ruang character varying(20) NOT NULL,
    nama character varying(100) NOT NULL,
    gambar character varying(100),
    deskripsi text,
    plp_id bigint
);


ALTER TABLE public.laboratorium_laboratorium OWNER TO adminlabtri3;

--
-- Name: laboratorium_laboratorium_id_seq; Type: SEQUENCE; Schema: public; Owner: adminlabtri3
--

ALTER TABLE public.laboratorium_laboratorium ALTER COLUMN id ADD GENERATED BY DEFAULT AS IDENTITY (
    SEQUENCE NAME public.laboratorium_laboratorium_id_seq
    START WITH 1
    INCREMENT BY 1
    NO MINVALUE
    NO MAXVALUE
    CACHE 1
);


--
-- Name: laboratorium_peminjaman; Type: TABLE; Schema: public; Owner: adminlabtri3
--

CREATE TABLE public.laboratorium_peminjaman (
    id bigint NOT NULL,
    is_alat_baru boolean NOT NULL,
    nama_alat_baru character varying(150),
    tipe_alat_baru character varying(100),
    sn_alat_baru character varying(100),
    nama_lengkap character varying(150) NOT NULL,
    status_peminjam character varying(20) NOT NULL,
    nrp_nip character varying(30) NOT NULL,
    nomor_telepon character varying(20) NOT NULL,
    dosen_perkuliahan character varying(150) NOT NULL,
    nama_plp character varying(150) NOT NULL,
    catatan_kondisi text NOT NULL,
    status_peminjaman character varying(30) NOT NULL,
    tanggal_kembali date,
    kondisi_saat_kembali character varying(20),
    tanggal_pinjam timestamp with time zone NOT NULL,
    laboratorium_id bigint,
    peminjam_id integer,
    unit_alat_id bigint
);


ALTER TABLE public.laboratorium_peminjaman OWNER TO adminlabtri3;

--
-- Name: laboratorium_peminjaman_id_seq; Type: SEQUENCE; Schema: public; Owner: adminlabtri3
--

ALTER TABLE public.laboratorium_peminjaman ALTER COLUMN id ADD GENERATED BY DEFAULT AS IDENTITY (
    SEQUENCE NAME public.laboratorium_peminjaman_id_seq
    START WITH 1
    INCREMENT BY 1
    NO MINVALUE
    NO MAXVALUE
    CACHE 1
);


--
-- Name: laboratorium_pengembalian; Type: TABLE; Schema: public; Owner: adminlabtri3
--

CREATE TABLE public.laboratorium_pengembalian (
    id bigint NOT NULL,
    nama_pengembali character varying(150) NOT NULL,
    bukti_peminjaman character varying(100),
    tanggal_pengembalian date NOT NULL,
    kondisi_barang character varying(20) NOT NULL,
    status character varying(30) NOT NULL,
    nama_plp character varying(150) NOT NULL,
    peminjaman_id bigint NOT NULL
);


ALTER TABLE public.laboratorium_pengembalian OWNER TO adminlabtri3;

--
-- Name: laboratorium_pengembalian_id_seq; Type: SEQUENCE; Schema: public; Owner: adminlabtri3
--

ALTER TABLE public.laboratorium_pengembalian ALTER COLUMN id ADD GENERATED BY DEFAULT AS IDENTITY (
    SEQUENCE NAME public.laboratorium_pengembalian_id_seq
    START WITH 1
    INCREMENT BY 1
    NO MINVALUE
    NO MAXVALUE
    CACHE 1
);


--
-- Name: laboratorium_plp; Type: TABLE; Schema: public; Owner: adminlabtri3
--

CREATE TABLE public.laboratorium_plp (
    id bigint NOT NULL,
    nama_lengkap character varying(150) NOT NULL,
    nip character varying(50) NOT NULL,
    foto character varying(100) NOT NULL
);


ALTER TABLE public.laboratorium_plp OWNER TO adminlabtri3;

--
-- Name: laboratorium_plp_id_seq; Type: SEQUENCE; Schema: public; Owner: adminlabtri3
--

ALTER TABLE public.laboratorium_plp ALTER COLUMN id ADD GENERATED BY DEFAULT AS IDENTITY (
    SEQUENCE NAME public.laboratorium_plp_id_seq
    START WITH 1
    INCREMENT BY 1
    NO MINVALUE
    NO MAXVALUE
    CACHE 1
);


--
-- Name: laboratorium_unitalat; Type: TABLE; Schema: public; Owner: adminlabtri3
--

CREATE TABLE public.laboratorium_unitalat (
    id bigint NOT NULL,
    tipe_atau_merk character varying(100) NOT NULL,
    serial_number character varying(100) NOT NULL,
    tahun_perolehan integer NOT NULL,
    kondisi character varying(100) NOT NULL,
    foto character varying(100),
    status character varying(100) NOT NULL,
    kategori_id bigint NOT NULL,
    CONSTRAINT laboratorium_unitalat_tahun_perolehan_check CHECK ((tahun_perolehan >= 0))
);


ALTER TABLE public.laboratorium_unitalat OWNER TO adminlabtri3;

--
-- Name: laboratorium_unitalat_id_seq; Type: SEQUENCE; Schema: public; Owner: adminlabtri3
--

ALTER TABLE public.laboratorium_unitalat ALTER COLUMN id ADD GENERATED BY DEFAULT AS IDENTITY (
    SEQUENCE NAME public.laboratorium_unitalat_id_seq
    START WITH 1
    INCREMENT BY 1
    NO MINVALUE
    NO MAXVALUE
    CACHE 1
);


--
-- Data for Name: auth_group; Type: TABLE DATA; Schema: public; Owner: adminlabtri3
--

COPY public.auth_group (id, name) FROM stdin;
\.


--
-- Data for Name: auth_group_permissions; Type: TABLE DATA; Schema: public; Owner: adminlabtri3
--

COPY public.auth_group_permissions (id, group_id, permission_id) FROM stdin;
\.


--
-- Data for Name: auth_permission; Type: TABLE DATA; Schema: public; Owner: adminlabtri3
--

COPY public.auth_permission (id, name, content_type_id, codename) FROM stdin;
1	Can add log entry	1	add_logentry
2	Can change log entry	1	change_logentry
3	Can delete log entry	1	delete_logentry
4	Can view log entry	1	view_logentry
5	Can add permission	2	add_permission
6	Can change permission	2	change_permission
7	Can delete permission	2	delete_permission
8	Can view permission	2	view_permission
9	Can add group	3	add_group
10	Can change group	3	change_group
11	Can delete group	3	delete_group
12	Can view group	3	view_group
13	Can add user	4	add_user
14	Can change user	4	change_user
15	Can delete user	4	delete_user
16	Can view user	4	view_user
17	Can add content type	5	add_contenttype
18	Can change content type	5	change_contenttype
19	Can delete content type	5	delete_contenttype
20	Can view content type	5	view_contenttype
21	Can add session	6	add_session
22	Can change session	6	change_session
23	Can delete session	6	delete_session
24	Can view session	6	view_session
25	Can add kategori utama	7	add_kategoriutama
26	Can change kategori utama	7	change_kategoriutama
27	Can delete kategori utama	7	delete_kategoriutama
28	Can view kategori utama	7	view_kategoriutama
29	Can add laboratorium	8	add_laboratorium
30	Can change laboratorium	8	change_laboratorium
31	Can delete laboratorium	8	delete_laboratorium
32	Can view laboratorium	8	view_laboratorium
33	Can add plp	9	add_plp
34	Can change plp	9	change_plp
35	Can delete plp	9	delete_plp
36	Can view plp	9	view_plp
37	Can add kategori alat	10	add_kategorialat
38	Can change kategori alat	10	change_kategorialat
39	Can delete kategori alat	10	delete_kategorialat
40	Can view kategori alat	10	view_kategorialat
41	Can add jadwal lab	11	add_jadwallab
42	Can change jadwal lab	11	change_jadwallab
43	Can delete jadwal lab	11	delete_jadwallab
44	Can view jadwal lab	11	view_jadwallab
45	Can add peminjaman	12	add_peminjaman
46	Can change peminjaman	12	change_peminjaman
47	Can delete peminjaman	12	delete_peminjaman
48	Can view peminjaman	12	view_peminjaman
49	Can add pengembalian	13	add_pengembalian
50	Can change pengembalian	13	change_pengembalian
51	Can delete pengembalian	13	delete_pengembalian
52	Can view pengembalian	13	view_pengembalian
53	Can add unit alat	14	add_unitalat
54	Can change unit alat	14	change_unitalat
55	Can delete unit alat	14	delete_unitalat
56	Can view unit alat	14	view_unitalat
\.


--
-- Data for Name: auth_user; Type: TABLE DATA; Schema: public; Owner: adminlabtri3
--

COPY public.auth_user (id, password, last_login, is_superuser, username, first_name, last_name, email, is_staff, is_active, date_joined) FROM stdin;
2	pbkdf2_sha256$1000000$UHctbC23DJpxLcJ5kCQgCk$NbqjILWPzAPhiHDz5ZT+/vvvmOo51t9MWWoah34JsSo=	\N	t	TikaTRIPENS			tikatripens@gmail.com	t	t	2025-07-20 12:45:50.410034+00
3	pbkdf2_sha256$1000000$PhcyXfUcv4r5KPb4kWOl84$NBnGZW6lnPheBYf6PUN5H8x5M5gAFQLr/GeL65h+LpM=	2025-08-13 05:22:14.328555+00	f	tri23			tri23@pens.ac.id	f	t	2025-07-20 12:55:27.068288+00
1	pbkdf2_sha256$1000000$oqaZbaegogipFNGlFmD7GS$DmR5lBulWnekpTaDyuj0v6/KGmk6tpH2HPZaEYcF43Q=	2025-08-13 05:24:08.728374+00	t	AnangTRIPENS			anangtripens@gmail.com	t	t	2025-07-20 12:40:49.134476+00
\.


--
-- Data for Name: auth_user_groups; Type: TABLE DATA; Schema: public; Owner: adminlabtri3
--

COPY public.auth_user_groups (id, user_id, group_id) FROM stdin;
\.


--
-- Data for Name: auth_user_user_permissions; Type: TABLE DATA; Schema: public; Owner: adminlabtri3
--

COPY public.auth_user_user_permissions (id, user_id, permission_id) FROM stdin;
\.


--
-- Data for Name: django_admin_log; Type: TABLE DATA; Schema: public; Owner: adminlabtri3
--

COPY public.django_admin_log (id, action_time, object_id, object_repr, action_flag, change_message, content_type_id, user_id) FROM stdin;
1	2025-07-20 12:57:07.403348+00	1	Category 1	1	[{"added": {}}]	7	1
2	2025-07-20 12:57:15.821153+00	2	Category 2	1	[{"added": {}}]	7	1
3	2025-07-20 12:57:20.734018+00	3	Category 3	1	[{"added": {}}]	7	1
4	2025-07-20 12:57:28.051972+00	4	General Materials	1	[{"added": {}}]	7	1
5	2025-07-20 17:25:52.68557+00	1	Anang Siswanto, A.Md.	1	[{"added": {}}]	9	1
6	2025-07-20 17:26:11.116835+00	2	Saktya Hutami Pinastika S.T.	1	[{"added": {}}]	9	1
7	2025-07-20 17:31:56.36846+00	1	Cloud Computing Laboratory	1	[{"added": {}}, {"added": {"name": "jadwal lab", "object": "Jadwal untuk Cloud Computing Laboratory - None"}}]	8	1
8	2025-07-20 17:33:41.964384+00	2	Web Development and Apps Laboratory	1	[{"added": {}}, {"added": {"name": "jadwal lab", "object": "Jadwal untuk Web Development and Apps Laboratory - None"}}]	8	1
9	2025-07-20 17:44:07.831454+00	3	Network Security Laboratory	1	[{"added": {}}, {"added": {"name": "jadwal lab", "object": "Jadwal untuk Network Security Laboratory - None"}}]	8	1
10	2025-07-20 17:44:40.681663+00	4	Mobile Communication and IoT Laboratory	1	[{"added": {}}, {"added": {"name": "jadwal lab", "object": "Jadwal untuk Mobile Communication and IoT Laboratory - None"}}]	8	1
11	2025-07-20 17:50:45.423293+00	1	Obeng (di bawah Category 1)	1	[{"added": {}}]	10	1
12	2025-07-20 17:50:56.075346+00	2	esp32 (di bawah Category 2)	1	[{"added": {}}]	10	1
13	2025-07-20 17:51:06.677886+00	3	Raspberry Pi (di bawah Category 2)	1	[{"added": {}}]	10	1
14	2025-07-20 17:51:18.27188+00	4	Multimeter Analog (di bawah Category 2)	1	[{"added": {}}]	10	1
15	2025-07-20 17:51:29.592673+00	5	Router (di bawah Category 3)	1	[{"added": {}}]	10	1
16	2025-07-20 17:51:39.677313+00	6	Konektor Rj45 (di bawah General Materials)	1	[{"added": {}}]	10	1
17	2025-07-20 17:53:02.404645+00	1	Tekiro (SN: 111)	1	[{"added": {}}]	14	1
18	2025-07-20 17:53:26.077766+00	2	Tekiro 2 (SN: 1111)	1	[{"added": {}}]	14	1
19	2025-07-20 17:53:47.388091+00	3	Tekiro 3 (SN: 11111)	1	[{"added": {}}]	14	1
20	2025-07-20 17:54:12.119245+00	4	Obeng Tekiro (SN: 1111111)	1	[{"added": {}}]	14	1
21	2025-07-20 17:55:19.95841+00	5	esp32a (SN: 22)	1	[{"added": {}}]	14	1
22	2025-07-20 17:55:44.233153+00	6	Raspi 5 (SN: 22222)	1	[{"added": {}}]	14	1
23	2025-07-20 17:56:20.499666+00	7	mma (SN: 22223)	1	[{"added": {}}]	14	1
24	2025-07-20 17:56:41.264674+00	8	RouterBoard (SN: 333)	1	[{"added": {}}]	14	1
25	2025-07-20 17:56:56.367714+00	9	Cisco Router (SN: 3334)	1	[{"added": {}}]	14	1
26	2025-07-20 17:57:15.474198+00	10	rj45 (SN: 7654)	1	[{"added": {}}]	14	1
27	2025-07-20 17:58:38.462524+00	11	rj454 (SN: 65432)	1	[{"added": {}}]	14	1
28	2025-07-21 02:02:03.975579+00	1	Tekiro 2 (SN: 1111) oleh pann	2	[{"changed": {"fields": ["Status peminjaman"]}}]	12	1
29	2025-07-21 02:05:18.480664+00	1	Pengembalian untuk Tekiro 2 (SN: 1111) oleh pann	2	[{"changed": {"fields": ["Status"]}}]	13	1
\.


--
-- Data for Name: django_content_type; Type: TABLE DATA; Schema: public; Owner: adminlabtri3
--

COPY public.django_content_type (id, app_label, model) FROM stdin;
1	admin	logentry
2	auth	permission
3	auth	group
4	auth	user
5	contenttypes	contenttype
6	sessions	session
7	laboratorium	kategoriutama
8	laboratorium	laboratorium
9	laboratorium	plp
10	laboratorium	kategorialat
11	laboratorium	jadwallab
12	laboratorium	peminjaman
13	laboratorium	pengembalian
14	laboratorium	unitalat
\.


--
-- Data for Name: django_migrations; Type: TABLE DATA; Schema: public; Owner: adminlabtri3
--

COPY public.django_migrations (id, app, name, applied) FROM stdin;
1	contenttypes	0001_initial	2025-07-20 12:39:01.875732+00
2	auth	0001_initial	2025-07-20 12:39:01.917829+00
3	admin	0001_initial	2025-07-20 12:39:01.932646+00
4	admin	0002_logentry_remove_auto_add	2025-07-20 12:39:01.938874+00
5	admin	0003_logentry_add_action_flag_choices	2025-07-20 12:39:01.946621+00
6	contenttypes	0002_remove_content_type_name	2025-07-20 12:39:01.958894+00
7	auth	0002_alter_permission_name_max_length	2025-07-20 12:39:01.967205+00
8	auth	0003_alter_user_email_max_length	2025-07-20 12:39:01.974483+00
9	auth	0004_alter_user_username_opts	2025-07-20 12:39:01.981069+00
10	auth	0005_alter_user_last_login_null	2025-07-20 12:39:01.988975+00
11	auth	0006_require_contenttypes_0002	2025-07-20 12:39:01.989789+00
12	auth	0007_alter_validators_add_error_messages	2025-07-20 12:39:01.995861+00
13	auth	0008_alter_user_username_max_length	2025-07-20 12:39:02.004943+00
14	auth	0009_alter_user_last_name_max_length	2025-07-20 12:39:02.011788+00
15	auth	0010_alter_group_name_max_length	2025-07-20 12:39:02.019965+00
16	auth	0011_update_proxy_permissions	2025-07-20 12:39:02.026188+00
17	auth	0012_alter_user_first_name_max_length	2025-07-20 12:39:02.033304+00
18	laboratorium	0001_initial	2025-07-20 12:39:02.119033+00
19	laboratorium	0002_alter_pengembalian_peminjaman	2025-07-20 12:39:02.141535+00
20	sessions	0001_initial	2025-07-20 12:39:02.150652+00
\.


--
-- Data for Name: django_session; Type: TABLE DATA; Schema: public; Owner: adminlabtri3
--

COPY public.django_session (session_key, session_data, expire_date) FROM stdin;
typ202bhmhz9jqfeupn70u6exa1zq87w	.eJxVjMsOwiAUBf-FtSFc3rh0328gwAWpGkhKuzL-u23ShW7PzJw38WFbq99GXvyM5EqAXH63GNIztwPgI7R7p6m3dZkjPRR60kGnjvl1O92_gxpG3WshIDtmsnBFalkSs8WopDlwFlVSVmpVJGBUDqw0QhcVuTYIuBMoTpDPF7jJNps:1udTNk:b-uNJgBGcWnKL_b2ogBbMgn6qSAPwOYgp12eschWyI0	2025-08-03 12:43:08.781592+00
1osusff5ynl079xscevgzvjcteclz0tg	.eJxVjE0OwiAYBe_C2hAEWsCle89Avh-QqoGktCvj3Q1JF7p9M_PeIsK-lbj3tMaFxUUYcfrdEOiZ6gD8gHpvklrd1gXlUORBu7w1Tq_r4f4dFOhl1NrQTM5mHUgF9M5CmIg8IBilE5NjZsyslPfM3qqgAFwizDOcJyTx-QIHlDlK:1udTZq:I5iSXx7D7It4-GtaGI2njaPriJLbntHYZU2b0HqHBbs	2025-08-03 12:55:38.546703+00
q371ltv9vjdgi4gnopcu51z8p6iw7xem	.eJxVjMsOwiAUBf-FtSFc3rh0328gwAWpGkhKuzL-u23ShW7PzJw38WFbq99GXvyM5EqAXH63GNIztwPgI7R7p6m3dZkjPRR60kGnjvl1O92_gxpG3WshIDtmsnBFalkSs8WopDlwFlVSVmpVJGBUDqw0QhcVuTYIuBMoTpDPF7jJNps:1udXmS:EP1eCt-tDFCLtxP2RPKxwqTiv2naSSOmTvkGZP1KdNA	2025-08-03 17:24:56.95128+00
urkuynn2wd6xy2z9izbz1q1qsjd2di3v	.eJxVjE0OwiAYBe_C2hAEWsCle89Avh-QqoGktCvj3Q1JF7p9M_PeIsK-lbj3tMaFxUUYcfrdEOiZ6gD8gHpvklrd1gXlUORBu7w1Tq_r4f4dFOhl1NrQTM5mHUgF9M5CmIg8IBilE5NjZsyslPfM3qqgAFwizDOcJyTx-QIHlDlK:1udXxI:c7XpB-T3sZCEZ05Pixdb6J06bU_Lyu7xE8yqrXaEcYg	2025-08-03 17:36:08.971471+00
3s6jwi1c4oog6f9kvmsimlh95eq2ojpo	.eJxVjE0OwiAYBe_C2hAEWsCle89Avh-QqoGktCvj3Q1JF7p9M_PeIsK-lbj3tMaFxUUYcfrdEOiZ6gD8gHpvklrd1gXlUORBu7w1Tq_r4f4dFOhl1NrQTM5mHUgF9M5CmIg8IBilE5NjZsyslPfM3qqgAFwizDOcJyTx-QIHlDlK:1udYIR:qq3kvm9jwMLcvvZXkj6Db9K22c8mBetqH6zZq6tw0LE	2025-08-03 17:57:59.639403+00
s0eov1yrrwv33grsmklozhha3d4wixn2	.eJxVjE0OwiAYBe_C2hAEWsCle89Avh-QqoGktCvj3Q1JF7p9M_PeIsK-lbj3tMaFxUUYcfrdEOiZ6gD8gHpvklrd1gXlUORBu7w1Tq_r4f4dFOhl1NrQTM5mHUgF9M5CmIg8IBilE5NjZsyslPfM3qqgAFwizDOcJyTx-QIHlDlK:1ue4op:mv2Ef2775gadZ1e6cKNuB1H4bd6RrZhfwIr4WXjLrow	2025-08-05 04:41:35.873465+00
9bxtvfeysu7dw4s8gdj4055vdxfhk6or	.eJxVjMsOwiAUBf-FtSFc3rh0328gwAWpGkhKuzL-u23ShW7PzJw38WFbq99GXvyM5EqAXH63GNIztwPgI7R7p6m3dZkjPRR60kGnjvl1O92_gxpG3WshIDtmsnBFalkSs8WopDlwFlVSVmpVJGBUDqw0QhcVuTYIuBMoTpDPF7jJNps:1ue4xW:5llRAlbrtIqSxdSs7OqlTUiQUTEVXwdcW2Qkeb4R2TM	2025-08-05 04:50:34.429803+00
g51cyuskba11if4yidk36g5omaku9lw1	.eJxVjE0OwiAYBe_C2hAEWsCle89Avh-QqoGktCvj3Q1JF7p9M_PeIsK-lbj3tMaFxUUYcfrdEOiZ6gD8gHpvklrd1gXlUORBu7w1Tq_r4f4dFOhl1NrQTM5mHUgF9M5CmIg8IBilE5NjZsyslPfM3qqgAFwizDOcJyTx-QIHlDlK:1ugFg4:ogGUBrlXVETX4hw8bcGXW_UTpogniUJz6KGSN8J0JZY	2025-08-11 04:41:32.422557+00
ow8n060zcat2lb98z4lnxg5qjzmpl1j6	.eJxVjE0OwiAYBe_C2hAEWsCle89Avh-QqoGktCvj3Q1JF7p9M_PeIsK-lbj3tMaFxUUYcfrdEOiZ6gD8gHpvklrd1gXlUORBu7w1Tq_r4f4dFOhl1NrQTM5mHUgF9M5CmIg8IBilE5NjZsyslPfM3qqgAFwizDOcJyTx-QIHlDlK:1ujWPv:EQHzAEmrbjZdl-QSNNVBFLmqZhhHz3A-HGlDkPXlVIE	2025-08-20 05:10:23.557384+00
ka0f9tqwl1m4f2kovfktkbc1wvntqlrz	.eJxVjE0OwiAYBe_C2hAEWsCle89Avh-QqoGktCvj3Q1JF7p9M_PeIsK-lbj3tMaFxUUYcfrdEOiZ6gD8gHpvklrd1gXlUORBu7w1Tq_r4f4dFOhl1NrQTM5mHUgF9M5CmIg8IBilE5NjZsyslPfM3qqgAFwizDOcJyTx-QIHlDlK:1um3wE:tScPW7mfKZ3tmSAFQf14x4PFWL9HJb-wP1qb0nFHhMQ	2025-08-27 05:22:14.330575+00
zei65fkoczqry7s4fxocy1izxjsv9iro	.eJxVjMsOwiAUBf-FtSFc3rh0328gwAWpGkhKuzL-u23ShW7PzJw38WFbq99GXvyM5EqAXH63GNIztwPgI7R7p6m3dZkjPRR60kGnjvl1O92_gxpG3WshIDtmsnBFalkSs8WopDlwFlVSVmpVJGBUDqw0QhcVuTYIuBMoTpDPF7jJNps:1um3y4:WmqD_MmETgjnCkfcZSwdJk20gfJgsFtOe8dAzq2O2eo	2025-08-27 05:24:08.730517+00
\.


--
-- Data for Name: laboratorium_jadwallab; Type: TABLE DATA; Schema: public; Owner: adminlabtri3
--

COPY public.laboratorium_jadwallab (id, gambar_jadwal, keterangan, laboratorium_id) FROM stdin;
1	jadwal_lab/jadwal_cloud_hop5tsv.png	\N	1
2	jadwal_lab/jawal_web_YuXTtED.png	\N	2
3	jadwal_lab/jadwal_netsec_ZmkznB1.png	\N	3
4	jadwal_lab/jadwal_iot_cqnntZc.png	\N	4
\.


--
-- Data for Name: laboratorium_kategorialat; Type: TABLE DATA; Schema: public; Owner: adminlabtri3
--

COPY public.laboratorium_kategorialat (id, nama, kategori_utama_id) FROM stdin;
1	Obeng	1
2	esp32	2
3	Raspberry Pi	2
4	Multimeter Analog	2
5	Router	3
6	Konektor Rj45	4
\.


--
-- Data for Name: laboratorium_kategoriutama; Type: TABLE DATA; Schema: public; Owner: adminlabtri3
--

COPY public.laboratorium_kategoriutama (id, nama) FROM stdin;
1	Category 1
2	Category 2
3	Category 3
4	General Materials
\.


--
-- Data for Name: laboratorium_laboratorium; Type: TABLE DATA; Schema: public; Owner: adminlabtri3
--

COPY public.laboratorium_laboratorium (id, kode_ruang, nama, gambar, deskripsi, plp_id) FROM stdin;
1	SAW-04.07	Cloud Computing Laboratory	lab_images/Akamai-cloud.jpg	The Cloud Computing Laboratory is designed to support practical sessions in cloud computing, from fundamental to advanced levels. In this lab, students learn applied knowledge related to the fundamentals of cloud computing and its real-world implementation, supported by Cisco-based equipment and powered by Amazon Web Services (AWS).\r\n\r\nThis laboratory focuses on practical coursework in the following subjects:\r\n- Fundamentals of Cloud Computing (P)\r\n- Cloud Computing Programming (W)\r\n- Cloud Computing for IoT (W)\r\n- Distributed Systems (P)\r\n- Multimedia Networking (P)	2
2	SAW-04.06	Web Development and Apps Laboratory	lab_images/web.jpg	Web Development and Applications Laboratory is designed to facilitate practical sessions focused on web programming and its applications, from basic to advanced levels. In this laboratory, students are taught the applied aspects of theoretical knowledge—from the fundamentals of programming to its implementation in web technologies.\r\n\r\nThis laboratory is focused on practical coursework in the following subjects:\r\n- Web Programming & Applications (P)\r\n- Software Development (P)\r\n- Databases (W)\r\n- Web Technology & Applications (W)\r\n- Algorithms & Data Structures (P)	2
3	SAW-03.08	Network Security Laboratory	lab_images/PXL_20250704_090413543_ohfEGQI.jpg	The Network Security Laboratory is designed to facilitate practical sessions related to network security, ranging from basic to advanced levels. In this lab, students are taught applied aspects of network security and its real-world implementation, supported by devices based on Cisco, Huawei, and Mikrotik technologies.\r\n\r\nThis laboratory focuses on practical coursework in the following subjects:\r\n- Enterprise Systems (P)\r\n- Mobile Network Security (W)\r\n- Network Security & Cryptography (P)\r\n- Data Communication (P)\r\n- Network Programming (P)	1
4	SAW-03.07	Mobile Communication and IoT Laboratory	lab_images/PXL_20250702_155648564_skpwdmw.jpg	Mobile Communication and IoT Laboratory is designed to facilitate practical sessions focused on Internet of Things (IoT) and mobile networks. In this laboratory, students are taught the applied aspects of everything related to IoT applications and their supporting technologies, using devices based on Smart Home, Smart City, and Smart Agriculture systems.\r\n\r\nThis laboratory is focused on practical coursework in the following subjects:\r\n- Internet of Things (P)\r\n- Mobile Computing (P)\r\n- Embedded Systems (P)\r\n- Wireless Communication Systems (P)\r\n- Wireless Networks (P)	1
\.


--
-- Data for Name: laboratorium_peminjaman; Type: TABLE DATA; Schema: public; Owner: adminlabtri3
--

COPY public.laboratorium_peminjaman (id, is_alat_baru, nama_alat_baru, tipe_alat_baru, sn_alat_baru, nama_lengkap, status_peminjam, nrp_nip, nomor_telepon, dosen_perkuliahan, nama_plp, catatan_kondisi, status_peminjaman, tanggal_kembali, kondisi_saat_kembali, tanggal_pinjam, laboratorium_id, peminjam_id, unit_alat_id) FROM stdin;
2	t	ppksmmn	koiuoj		irfan	Mahasiswa	125467789016545	098761514222314	kkkk	oooo	qqq	Disetujui	\N	\N	2025-07-21 02:02:45.879117+00	1	3	\N
1	f	\N	\N	\N	pann	Mahasiswa	22334556789811	0988765432144	wwww	aaaa	www	Dikembalikan	\N	\N	2025-07-21 02:01:41.237752+00	1	3	2
\.


--
-- Data for Name: laboratorium_pengembalian; Type: TABLE DATA; Schema: public; Owner: adminlabtri3
--

COPY public.laboratorium_pengembalian (id, nama_pengembali, bukti_peminjaman, tanggal_pengembalian, kondisi_barang, status, nama_plp, peminjaman_id) FROM stdin;
1	pan		2025-07-21	Baik	Diterima	gas	1
\.


--
-- Data for Name: laboratorium_plp; Type: TABLE DATA; Schema: public; Owner: adminlabtri3
--

COPY public.laboratorium_plp (id, nama_lengkap, nip, foto) FROM stdin;
1	Anang Siswanto, A.Md.	198308102009101003	foto_plp/anang_s8NGmh7.jpeg
2	Saktya Hutami Pinastika S.T.	199306212025062004	foto_plp/2777_ko5SOpA.png
\.


--
-- Data for Name: laboratorium_unitalat; Type: TABLE DATA; Schema: public; Owner: adminlabtri3
--

COPY public.laboratorium_unitalat (id, tipe_atau_merk, serial_number, tahun_perolehan, kondisi, foto, status, kategori_id) FROM stdin;
1	Tekiro	111	2024	Baik	foto_alat/obeng_CIZ2hge.jpeg	Tersedia	1
3	Tekiro 3	11111	2025	Baik	foto_alat/obeng_lip4tqO.jpeg	Tersedia	1
4	Obeng Tekiro	1111111	2021	Baik	foto_alat/obeng_SYicG5p.jpeg	Tersedia	1
5	esp32a	22	2023	Baik	foto_alat/esp32_NiSmPT7.jpeg	Tersedia	2
6	Raspi 5	22222	20255	Baik	foto_alat/raspi5_1HvxO6n.jpeg	Tersedia	3
7	mma	22223	2021	Baik	foto_alat/raspi4_s4TgTmB.jpeg	Tersedia	4
8	RouterBoard	333	2024	Baik	foto_alat/mikrotik_IOWqZwA.jpeg	Tersedia	5
9	Cisco Router	3334	2025	Baik	foto_alat/cisco_HTn9Vt1.jpeg	Tersedia	5
10	rj45	7654	2021	Baik	foto_alat/rj45_YCR6aaG.jpeg	Tersedia	6
11	rj454	65432	2020	Baik	foto_alat/rj45_Zy5jvMk.jpeg	Tersedia	6
2	Tekiro 2	1111	2024	Baik	foto_alat/obeng_A43Qofk.jpeg	Tersedia	1
\.


--
-- Name: auth_group_id_seq; Type: SEQUENCE SET; Schema: public; Owner: adminlabtri3
--

SELECT pg_catalog.setval('public.auth_group_id_seq', 1, false);


--
-- Name: auth_group_permissions_id_seq; Type: SEQUENCE SET; Schema: public; Owner: adminlabtri3
--

SELECT pg_catalog.setval('public.auth_group_permissions_id_seq', 1, false);


--
-- Name: auth_permission_id_seq; Type: SEQUENCE SET; Schema: public; Owner: adminlabtri3
--

SELECT pg_catalog.setval('public.auth_permission_id_seq', 56, true);


--
-- Name: auth_user_groups_id_seq; Type: SEQUENCE SET; Schema: public; Owner: adminlabtri3
--

SELECT pg_catalog.setval('public.auth_user_groups_id_seq', 1, false);


--
-- Name: auth_user_id_seq; Type: SEQUENCE SET; Schema: public; Owner: adminlabtri3
--

SELECT pg_catalog.setval('public.auth_user_id_seq', 3, true);


--
-- Name: auth_user_user_permissions_id_seq; Type: SEQUENCE SET; Schema: public; Owner: adminlabtri3
--

SELECT pg_catalog.setval('public.auth_user_user_permissions_id_seq', 1, false);


--
-- Name: django_admin_log_id_seq; Type: SEQUENCE SET; Schema: public; Owner: adminlabtri3
--

SELECT pg_catalog.setval('public.django_admin_log_id_seq', 29, true);


--
-- Name: django_content_type_id_seq; Type: SEQUENCE SET; Schema: public; Owner: adminlabtri3
--

SELECT pg_catalog.setval('public.django_content_type_id_seq', 14, true);


--
-- Name: django_migrations_id_seq; Type: SEQUENCE SET; Schema: public; Owner: adminlabtri3
--

SELECT pg_catalog.setval('public.django_migrations_id_seq', 20, true);


--
-- Name: laboratorium_jadwallab_id_seq; Type: SEQUENCE SET; Schema: public; Owner: adminlabtri3
--

SELECT pg_catalog.setval('public.laboratorium_jadwallab_id_seq', 4, true);


--
-- Name: laboratorium_kategorialat_id_seq; Type: SEQUENCE SET; Schema: public; Owner: adminlabtri3
--

SELECT pg_catalog.setval('public.laboratorium_kategorialat_id_seq', 6, true);


--
-- Name: laboratorium_kategoriutama_id_seq; Type: SEQUENCE SET; Schema: public; Owner: adminlabtri3
--

SELECT pg_catalog.setval('public.laboratorium_kategoriutama_id_seq', 4, true);


--
-- Name: laboratorium_laboratorium_id_seq; Type: SEQUENCE SET; Schema: public; Owner: adminlabtri3
--

SELECT pg_catalog.setval('public.laboratorium_laboratorium_id_seq', 4, true);


--
-- Name: laboratorium_peminjaman_id_seq; Type: SEQUENCE SET; Schema: public; Owner: adminlabtri3
--

SELECT pg_catalog.setval('public.laboratorium_peminjaman_id_seq', 2, true);


--
-- Name: laboratorium_pengembalian_id_seq; Type: SEQUENCE SET; Schema: public; Owner: adminlabtri3
--

SELECT pg_catalog.setval('public.laboratorium_pengembalian_id_seq', 1, true);


--
-- Name: laboratorium_plp_id_seq; Type: SEQUENCE SET; Schema: public; Owner: adminlabtri3
--

SELECT pg_catalog.setval('public.laboratorium_plp_id_seq', 2, true);


--
-- Name: laboratorium_unitalat_id_seq; Type: SEQUENCE SET; Schema: public; Owner: adminlabtri3
--

SELECT pg_catalog.setval('public.laboratorium_unitalat_id_seq', 11, true);


--
-- Name: auth_group auth_group_name_key; Type: CONSTRAINT; Schema: public; Owner: adminlabtri3
--

ALTER TABLE ONLY public.auth_group
    ADD CONSTRAINT auth_group_name_key UNIQUE (name);


--
-- Name: auth_group_permissions auth_group_permissions_group_id_permission_id_0cd325b0_uniq; Type: CONSTRAINT; Schema: public; Owner: adminlabtri3
--

ALTER TABLE ONLY public.auth_group_permissions
    ADD CONSTRAINT auth_group_permissions_group_id_permission_id_0cd325b0_uniq UNIQUE (group_id, permission_id);


--
-- Name: auth_group_permissions auth_group_permissions_pkey; Type: CONSTRAINT; Schema: public; Owner: adminlabtri3
--

ALTER TABLE ONLY public.auth_group_permissions
    ADD CONSTRAINT auth_group_permissions_pkey PRIMARY KEY (id);


--
-- Name: auth_group auth_group_pkey; Type: CONSTRAINT; Schema: public; Owner: adminlabtri3
--

ALTER TABLE ONLY public.auth_group
    ADD CONSTRAINT auth_group_pkey PRIMARY KEY (id);


--
-- Name: auth_permission auth_permission_content_type_id_codename_01ab375a_uniq; Type: CONSTRAINT; Schema: public; Owner: adminlabtri3
--

ALTER TABLE ONLY public.auth_permission
    ADD CONSTRAINT auth_permission_content_type_id_codename_01ab375a_uniq UNIQUE (content_type_id, codename);


--
-- Name: auth_permission auth_permission_pkey; Type: CONSTRAINT; Schema: public; Owner: adminlabtri3
--

ALTER TABLE ONLY public.auth_permission
    ADD CONSTRAINT auth_permission_pkey PRIMARY KEY (id);


--
-- Name: auth_user_groups auth_user_groups_pkey; Type: CONSTRAINT; Schema: public; Owner: adminlabtri3
--

ALTER TABLE ONLY public.auth_user_groups
    ADD CONSTRAINT auth_user_groups_pkey PRIMARY KEY (id);


--
-- Name: auth_user_groups auth_user_groups_user_id_group_id_94350c0c_uniq; Type: CONSTRAINT; Schema: public; Owner: adminlabtri3
--

ALTER TABLE ONLY public.auth_user_groups
    ADD CONSTRAINT auth_user_groups_user_id_group_id_94350c0c_uniq UNIQUE (user_id, group_id);


--
-- Name: auth_user auth_user_pkey; Type: CONSTRAINT; Schema: public; Owner: adminlabtri3
--

ALTER TABLE ONLY public.auth_user
    ADD CONSTRAINT auth_user_pkey PRIMARY KEY (id);


--
-- Name: auth_user_user_permissions auth_user_user_permissions_pkey; Type: CONSTRAINT; Schema: public; Owner: adminlabtri3
--

ALTER TABLE ONLY public.auth_user_user_permissions
    ADD CONSTRAINT auth_user_user_permissions_pkey PRIMARY KEY (id);


--
-- Name: auth_user_user_permissions auth_user_user_permissions_user_id_permission_id_14a6b632_uniq; Type: CONSTRAINT; Schema: public; Owner: adminlabtri3
--

ALTER TABLE ONLY public.auth_user_user_permissions
    ADD CONSTRAINT auth_user_user_permissions_user_id_permission_id_14a6b632_uniq UNIQUE (user_id, permission_id);


--
-- Name: auth_user auth_user_username_key; Type: CONSTRAINT; Schema: public; Owner: adminlabtri3
--

ALTER TABLE ONLY public.auth_user
    ADD CONSTRAINT auth_user_username_key UNIQUE (username);


--
-- Name: django_admin_log django_admin_log_pkey; Type: CONSTRAINT; Schema: public; Owner: adminlabtri3
--

ALTER TABLE ONLY public.django_admin_log
    ADD CONSTRAINT django_admin_log_pkey PRIMARY KEY (id);


--
-- Name: django_content_type django_content_type_app_label_model_76bd3d3b_uniq; Type: CONSTRAINT; Schema: public; Owner: adminlabtri3
--

ALTER TABLE ONLY public.django_content_type
    ADD CONSTRAINT django_content_type_app_label_model_76bd3d3b_uniq UNIQUE (app_label, model);


--
-- Name: django_content_type django_content_type_pkey; Type: CONSTRAINT; Schema: public; Owner: adminlabtri3
--

ALTER TABLE ONLY public.django_content_type
    ADD CONSTRAINT django_content_type_pkey PRIMARY KEY (id);


--
-- Name: django_migrations django_migrations_pkey; Type: CONSTRAINT; Schema: public; Owner: adminlabtri3
--

ALTER TABLE ONLY public.django_migrations
    ADD CONSTRAINT django_migrations_pkey PRIMARY KEY (id);


--
-- Name: django_session django_session_pkey; Type: CONSTRAINT; Schema: public; Owner: adminlabtri3
--

ALTER TABLE ONLY public.django_session
    ADD CONSTRAINT django_session_pkey PRIMARY KEY (session_key);


--
-- Name: laboratorium_jadwallab laboratorium_jadwallab_pkey; Type: CONSTRAINT; Schema: public; Owner: adminlabtri3
--

ALTER TABLE ONLY public.laboratorium_jadwallab
    ADD CONSTRAINT laboratorium_jadwallab_pkey PRIMARY KEY (id);


--
-- Name: laboratorium_kategorialat laboratorium_kategorialat_nama_key; Type: CONSTRAINT; Schema: public; Owner: adminlabtri3
--

ALTER TABLE ONLY public.laboratorium_kategorialat
    ADD CONSTRAINT laboratorium_kategorialat_nama_key UNIQUE (nama);


--
-- Name: laboratorium_kategorialat laboratorium_kategorialat_pkey; Type: CONSTRAINT; Schema: public; Owner: adminlabtri3
--

ALTER TABLE ONLY public.laboratorium_kategorialat
    ADD CONSTRAINT laboratorium_kategorialat_pkey PRIMARY KEY (id);


--
-- Name: laboratorium_kategoriutama laboratorium_kategoriutama_nama_key; Type: CONSTRAINT; Schema: public; Owner: adminlabtri3
--

ALTER TABLE ONLY public.laboratorium_kategoriutama
    ADD CONSTRAINT laboratorium_kategoriutama_nama_key UNIQUE (nama);


--
-- Name: laboratorium_kategoriutama laboratorium_kategoriutama_pkey; Type: CONSTRAINT; Schema: public; Owner: adminlabtri3
--

ALTER TABLE ONLY public.laboratorium_kategoriutama
    ADD CONSTRAINT laboratorium_kategoriutama_pkey PRIMARY KEY (id);


--
-- Name: laboratorium_laboratorium laboratorium_laboratorium_kode_ruang_key; Type: CONSTRAINT; Schema: public; Owner: adminlabtri3
--

ALTER TABLE ONLY public.laboratorium_laboratorium
    ADD CONSTRAINT laboratorium_laboratorium_kode_ruang_key UNIQUE (kode_ruang);


--
-- Name: laboratorium_laboratorium laboratorium_laboratorium_nama_key; Type: CONSTRAINT; Schema: public; Owner: adminlabtri3
--

ALTER TABLE ONLY public.laboratorium_laboratorium
    ADD CONSTRAINT laboratorium_laboratorium_nama_key UNIQUE (nama);


--
-- Name: laboratorium_laboratorium laboratorium_laboratorium_pkey; Type: CONSTRAINT; Schema: public; Owner: adminlabtri3
--

ALTER TABLE ONLY public.laboratorium_laboratorium
    ADD CONSTRAINT laboratorium_laboratorium_pkey PRIMARY KEY (id);


--
-- Name: laboratorium_peminjaman laboratorium_peminjaman_pkey; Type: CONSTRAINT; Schema: public; Owner: adminlabtri3
--

ALTER TABLE ONLY public.laboratorium_peminjaman
    ADD CONSTRAINT laboratorium_peminjaman_pkey PRIMARY KEY (id);


--
-- Name: laboratorium_pengembalian laboratorium_pengembalian_pkey; Type: CONSTRAINT; Schema: public; Owner: adminlabtri3
--

ALTER TABLE ONLY public.laboratorium_pengembalian
    ADD CONSTRAINT laboratorium_pengembalian_pkey PRIMARY KEY (id);


--
-- Name: laboratorium_plp laboratorium_plp_nip_key; Type: CONSTRAINT; Schema: public; Owner: adminlabtri3
--

ALTER TABLE ONLY public.laboratorium_plp
    ADD CONSTRAINT laboratorium_plp_nip_key UNIQUE (nip);


--
-- Name: laboratorium_plp laboratorium_plp_pkey; Type: CONSTRAINT; Schema: public; Owner: adminlabtri3
--

ALTER TABLE ONLY public.laboratorium_plp
    ADD CONSTRAINT laboratorium_plp_pkey PRIMARY KEY (id);


--
-- Name: laboratorium_unitalat laboratorium_unitalat_pkey; Type: CONSTRAINT; Schema: public; Owner: adminlabtri3
--

ALTER TABLE ONLY public.laboratorium_unitalat
    ADD CONSTRAINT laboratorium_unitalat_pkey PRIMARY KEY (id);


--
-- Name: laboratorium_unitalat laboratorium_unitalat_serial_number_key; Type: CONSTRAINT; Schema: public; Owner: adminlabtri3
--

ALTER TABLE ONLY public.laboratorium_unitalat
    ADD CONSTRAINT laboratorium_unitalat_serial_number_key UNIQUE (serial_number);


--
-- Name: auth_group_name_a6ea08ec_like; Type: INDEX; Schema: public; Owner: adminlabtri3
--

CREATE INDEX auth_group_name_a6ea08ec_like ON public.auth_group USING btree (name varchar_pattern_ops);


--
-- Name: auth_group_permissions_group_id_b120cbf9; Type: INDEX; Schema: public; Owner: adminlabtri3
--

CREATE INDEX auth_group_permissions_group_id_b120cbf9 ON public.auth_group_permissions USING btree (group_id);


--
-- Name: auth_group_permissions_permission_id_84c5c92e; Type: INDEX; Schema: public; Owner: adminlabtri3
--

CREATE INDEX auth_group_permissions_permission_id_84c5c92e ON public.auth_group_permissions USING btree (permission_id);


--
-- Name: auth_permission_content_type_id_2f476e4b; Type: INDEX; Schema: public; Owner: adminlabtri3
--

CREATE INDEX auth_permission_content_type_id_2f476e4b ON public.auth_permission USING btree (content_type_id);


--
-- Name: auth_user_groups_group_id_97559544; Type: INDEX; Schema: public; Owner: adminlabtri3
--

CREATE INDEX auth_user_groups_group_id_97559544 ON public.auth_user_groups USING btree (group_id);


--
-- Name: auth_user_groups_user_id_6a12ed8b; Type: INDEX; Schema: public; Owner: adminlabtri3
--

CREATE INDEX auth_user_groups_user_id_6a12ed8b ON public.auth_user_groups USING btree (user_id);


--
-- Name: auth_user_user_permissions_permission_id_1fbb5f2c; Type: INDEX; Schema: public; Owner: adminlabtri3
--

CREATE INDEX auth_user_user_permissions_permission_id_1fbb5f2c ON public.auth_user_user_permissions USING btree (permission_id);


--
-- Name: auth_user_user_permissions_user_id_a95ead1b; Type: INDEX; Schema: public; Owner: adminlabtri3
--

CREATE INDEX auth_user_user_permissions_user_id_a95ead1b ON public.auth_user_user_permissions USING btree (user_id);


--
-- Name: auth_user_username_6821ab7c_like; Type: INDEX; Schema: public; Owner: adminlabtri3
--

CREATE INDEX auth_user_username_6821ab7c_like ON public.auth_user USING btree (username varchar_pattern_ops);


--
-- Name: django_admin_log_content_type_id_c4bce8eb; Type: INDEX; Schema: public; Owner: adminlabtri3
--

CREATE INDEX django_admin_log_content_type_id_c4bce8eb ON public.django_admin_log USING btree (content_type_id);


--
-- Name: django_admin_log_user_id_c564eba6; Type: INDEX; Schema: public; Owner: adminlabtri3
--

CREATE INDEX django_admin_log_user_id_c564eba6 ON public.django_admin_log USING btree (user_id);


--
-- Name: django_session_expire_date_a5c62663; Type: INDEX; Schema: public; Owner: adminlabtri3
--

CREATE INDEX django_session_expire_date_a5c62663 ON public.django_session USING btree (expire_date);


--
-- Name: django_session_session_key_c0390e0f_like; Type: INDEX; Schema: public; Owner: adminlabtri3
--

CREATE INDEX django_session_session_key_c0390e0f_like ON public.django_session USING btree (session_key varchar_pattern_ops);


--
-- Name: laboratorium_jadwallab_laboratorium_id_ddaab9a7; Type: INDEX; Schema: public; Owner: adminlabtri3
--

CREATE INDEX laboratorium_jadwallab_laboratorium_id_ddaab9a7 ON public.laboratorium_jadwallab USING btree (laboratorium_id);


--
-- Name: laboratorium_kategorialat_kategori_utama_id_50becee6; Type: INDEX; Schema: public; Owner: adminlabtri3
--

CREATE INDEX laboratorium_kategorialat_kategori_utama_id_50becee6 ON public.laboratorium_kategorialat USING btree (kategori_utama_id);


--
-- Name: laboratorium_kategorialat_nama_cef54577_like; Type: INDEX; Schema: public; Owner: adminlabtri3
--

CREATE INDEX laboratorium_kategorialat_nama_cef54577_like ON public.laboratorium_kategorialat USING btree (nama varchar_pattern_ops);


--
-- Name: laboratorium_kategoriutama_nama_787162a5_like; Type: INDEX; Schema: public; Owner: adminlabtri3
--

CREATE INDEX laboratorium_kategoriutama_nama_787162a5_like ON public.laboratorium_kategoriutama USING btree (nama varchar_pattern_ops);


--
-- Name: laboratorium_laboratorium_kode_ruang_444fa3a9_like; Type: INDEX; Schema: public; Owner: adminlabtri3
--

CREATE INDEX laboratorium_laboratorium_kode_ruang_444fa3a9_like ON public.laboratorium_laboratorium USING btree (kode_ruang varchar_pattern_ops);


--
-- Name: laboratorium_laboratorium_nama_a1ff021a_like; Type: INDEX; Schema: public; Owner: adminlabtri3
--

CREATE INDEX laboratorium_laboratorium_nama_a1ff021a_like ON public.laboratorium_laboratorium USING btree (nama varchar_pattern_ops);


--
-- Name: laboratorium_laboratorium_plp_id_1b63b220; Type: INDEX; Schema: public; Owner: adminlabtri3
--

CREATE INDEX laboratorium_laboratorium_plp_id_1b63b220 ON public.laboratorium_laboratorium USING btree (plp_id);


--
-- Name: laboratorium_peminjaman_laboratorium_id_027d7ffc; Type: INDEX; Schema: public; Owner: adminlabtri3
--

CREATE INDEX laboratorium_peminjaman_laboratorium_id_027d7ffc ON public.laboratorium_peminjaman USING btree (laboratorium_id);


--
-- Name: laboratorium_peminjaman_peminjam_id_9797a97d; Type: INDEX; Schema: public; Owner: adminlabtri3
--

CREATE INDEX laboratorium_peminjaman_peminjam_id_9797a97d ON public.laboratorium_peminjaman USING btree (peminjam_id);


--
-- Name: laboratorium_peminjaman_unit_alat_id_0ea1ed87; Type: INDEX; Schema: public; Owner: adminlabtri3
--

CREATE INDEX laboratorium_peminjaman_unit_alat_id_0ea1ed87 ON public.laboratorium_peminjaman USING btree (unit_alat_id);


--
-- Name: laboratorium_pengembalian_peminjaman_id_2943a3ff; Type: INDEX; Schema: public; Owner: adminlabtri3
--

CREATE INDEX laboratorium_pengembalian_peminjaman_id_2943a3ff ON public.laboratorium_pengembalian USING btree (peminjaman_id);


--
-- Name: laboratorium_plp_nip_d1f168f5_like; Type: INDEX; Schema: public; Owner: adminlabtri3
--

CREATE INDEX laboratorium_plp_nip_d1f168f5_like ON public.laboratorium_plp USING btree (nip varchar_pattern_ops);


--
-- Name: laboratorium_unitalat_kategori_id_a197a701; Type: INDEX; Schema: public; Owner: adminlabtri3
--

CREATE INDEX laboratorium_unitalat_kategori_id_a197a701 ON public.laboratorium_unitalat USING btree (kategori_id);


--
-- Name: laboratorium_unitalat_serial_number_5bb0b6a4_like; Type: INDEX; Schema: public; Owner: adminlabtri3
--

CREATE INDEX laboratorium_unitalat_serial_number_5bb0b6a4_like ON public.laboratorium_unitalat USING btree (serial_number varchar_pattern_ops);


--
-- Name: auth_group_permissions auth_group_permissio_permission_id_84c5c92e_fk_auth_perm; Type: FK CONSTRAINT; Schema: public; Owner: adminlabtri3
--

ALTER TABLE ONLY public.auth_group_permissions
    ADD CONSTRAINT auth_group_permissio_permission_id_84c5c92e_fk_auth_perm FOREIGN KEY (permission_id) REFERENCES public.auth_permission(id) DEFERRABLE INITIALLY DEFERRED;


--
-- Name: auth_group_permissions auth_group_permissions_group_id_b120cbf9_fk_auth_group_id; Type: FK CONSTRAINT; Schema: public; Owner: adminlabtri3
--

ALTER TABLE ONLY public.auth_group_permissions
    ADD CONSTRAINT auth_group_permissions_group_id_b120cbf9_fk_auth_group_id FOREIGN KEY (group_id) REFERENCES public.auth_group(id) DEFERRABLE INITIALLY DEFERRED;


--
-- Name: auth_permission auth_permission_content_type_id_2f476e4b_fk_django_co; Type: FK CONSTRAINT; Schema: public; Owner: adminlabtri3
--

ALTER TABLE ONLY public.auth_permission
    ADD CONSTRAINT auth_permission_content_type_id_2f476e4b_fk_django_co FOREIGN KEY (content_type_id) REFERENCES public.django_content_type(id) DEFERRABLE INITIALLY DEFERRED;


--
-- Name: auth_user_groups auth_user_groups_group_id_97559544_fk_auth_group_id; Type: FK CONSTRAINT; Schema: public; Owner: adminlabtri3
--

ALTER TABLE ONLY public.auth_user_groups
    ADD CONSTRAINT auth_user_groups_group_id_97559544_fk_auth_group_id FOREIGN KEY (group_id) REFERENCES public.auth_group(id) DEFERRABLE INITIALLY DEFERRED;


--
-- Name: auth_user_groups auth_user_groups_user_id_6a12ed8b_fk_auth_user_id; Type: FK CONSTRAINT; Schema: public; Owner: adminlabtri3
--

ALTER TABLE ONLY public.auth_user_groups
    ADD CONSTRAINT auth_user_groups_user_id_6a12ed8b_fk_auth_user_id FOREIGN KEY (user_id) REFERENCES public.auth_user(id) DEFERRABLE INITIALLY DEFERRED;


--
-- Name: auth_user_user_permissions auth_user_user_permi_permission_id_1fbb5f2c_fk_auth_perm; Type: FK CONSTRAINT; Schema: public; Owner: adminlabtri3
--

ALTER TABLE ONLY public.auth_user_user_permissions
    ADD CONSTRAINT auth_user_user_permi_permission_id_1fbb5f2c_fk_auth_perm FOREIGN KEY (permission_id) REFERENCES public.auth_permission(id) DEFERRABLE INITIALLY DEFERRED;


--
-- Name: auth_user_user_permissions auth_user_user_permissions_user_id_a95ead1b_fk_auth_user_id; Type: FK CONSTRAINT; Schema: public; Owner: adminlabtri3
--

ALTER TABLE ONLY public.auth_user_user_permissions
    ADD CONSTRAINT auth_user_user_permissions_user_id_a95ead1b_fk_auth_user_id FOREIGN KEY (user_id) REFERENCES public.auth_user(id) DEFERRABLE INITIALLY DEFERRED;


--
-- Name: django_admin_log django_admin_log_content_type_id_c4bce8eb_fk_django_co; Type: FK CONSTRAINT; Schema: public; Owner: adminlabtri3
--

ALTER TABLE ONLY public.django_admin_log
    ADD CONSTRAINT django_admin_log_content_type_id_c4bce8eb_fk_django_co FOREIGN KEY (content_type_id) REFERENCES public.django_content_type(id) DEFERRABLE INITIALLY DEFERRED;


--
-- Name: django_admin_log django_admin_log_user_id_c564eba6_fk_auth_user_id; Type: FK CONSTRAINT; Schema: public; Owner: adminlabtri3
--

ALTER TABLE ONLY public.django_admin_log
    ADD CONSTRAINT django_admin_log_user_id_c564eba6_fk_auth_user_id FOREIGN KEY (user_id) REFERENCES public.auth_user(id) DEFERRABLE INITIALLY DEFERRED;


--
-- Name: laboratorium_jadwallab laboratorium_jadwall_laboratorium_id_ddaab9a7_fk_laborator; Type: FK CONSTRAINT; Schema: public; Owner: adminlabtri3
--

ALTER TABLE ONLY public.laboratorium_jadwallab
    ADD CONSTRAINT laboratorium_jadwall_laboratorium_id_ddaab9a7_fk_laborator FOREIGN KEY (laboratorium_id) REFERENCES public.laboratorium_laboratorium(id) DEFERRABLE INITIALLY DEFERRED;


--
-- Name: laboratorium_kategorialat laboratorium_kategor_kategori_utama_id_50becee6_fk_laborator; Type: FK CONSTRAINT; Schema: public; Owner: adminlabtri3
--

ALTER TABLE ONLY public.laboratorium_kategorialat
    ADD CONSTRAINT laboratorium_kategor_kategori_utama_id_50becee6_fk_laborator FOREIGN KEY (kategori_utama_id) REFERENCES public.laboratorium_kategoriutama(id) DEFERRABLE INITIALLY DEFERRED;


--
-- Name: laboratorium_laboratorium laboratorium_laborat_plp_id_1b63b220_fk_laborator; Type: FK CONSTRAINT; Schema: public; Owner: adminlabtri3
--

ALTER TABLE ONLY public.laboratorium_laboratorium
    ADD CONSTRAINT laboratorium_laborat_plp_id_1b63b220_fk_laborator FOREIGN KEY (plp_id) REFERENCES public.laboratorium_plp(id) DEFERRABLE INITIALLY DEFERRED;


--
-- Name: laboratorium_peminjaman laboratorium_peminja_laboratorium_id_027d7ffc_fk_laborator; Type: FK CONSTRAINT; Schema: public; Owner: adminlabtri3
--

ALTER TABLE ONLY public.laboratorium_peminjaman
    ADD CONSTRAINT laboratorium_peminja_laboratorium_id_027d7ffc_fk_laborator FOREIGN KEY (laboratorium_id) REFERENCES public.laboratorium_laboratorium(id) DEFERRABLE INITIALLY DEFERRED;


--
-- Name: laboratorium_peminjaman laboratorium_peminja_unit_alat_id_0ea1ed87_fk_laborator; Type: FK CONSTRAINT; Schema: public; Owner: adminlabtri3
--

ALTER TABLE ONLY public.laboratorium_peminjaman
    ADD CONSTRAINT laboratorium_peminja_unit_alat_id_0ea1ed87_fk_laborator FOREIGN KEY (unit_alat_id) REFERENCES public.laboratorium_unitalat(id) DEFERRABLE INITIALLY DEFERRED;


--
-- Name: laboratorium_peminjaman laboratorium_peminjaman_peminjam_id_9797a97d_fk_auth_user_id; Type: FK CONSTRAINT; Schema: public; Owner: adminlabtri3
--

ALTER TABLE ONLY public.laboratorium_peminjaman
    ADD CONSTRAINT laboratorium_peminjaman_peminjam_id_9797a97d_fk_auth_user_id FOREIGN KEY (peminjam_id) REFERENCES public.auth_user(id) DEFERRABLE INITIALLY DEFERRED;


--
-- Name: laboratorium_pengembalian laboratorium_pengemb_peminjaman_id_2943a3ff_fk_laborator; Type: FK CONSTRAINT; Schema: public; Owner: adminlabtri3
--

ALTER TABLE ONLY public.laboratorium_pengembalian
    ADD CONSTRAINT laboratorium_pengemb_peminjaman_id_2943a3ff_fk_laborator FOREIGN KEY (peminjaman_id) REFERENCES public.laboratorium_peminjaman(id) DEFERRABLE INITIALLY DEFERRED;


--
-- Name: laboratorium_unitalat laboratorium_unitala_kategori_id_a197a701_fk_laborator; Type: FK CONSTRAINT; Schema: public; Owner: adminlabtri3
--

ALTER TABLE ONLY public.laboratorium_unitalat
    ADD CONSTRAINT laboratorium_unitala_kategori_id_a197a701_fk_laborator FOREIGN KEY (kategori_id) REFERENCES public.laboratorium_kategorialat(id) DEFERRABLE INITIALLY DEFERRED;


--
-- PostgreSQL database dump complete
--

